DayType,Line,Direction,TimePeriod,Trips,Period_Average_Headway
1,2,E,1_Early_AM,10,36.0
1,2,E,2_AM_Peak,21,8.6
1,2,E,3_Mid-Day,33,10.9
1,2,E,4_PM_Peak,42,5.7
1,2,E,5_Night,20,15.0
1,2,W,1_Early_AM,10,36.0
1,2,W,2_AM_Peak,29,6.2
1,2,W,3_Mid-Day,34,10.6
1,2,W,4_PM_Peak,29,8.3
1,2,W,5_Night,19,15.8
1,4,E,1_Early_AM,19,18.9
1,4,E,2_AM_Peak,15,12.0
1,4,E,3_Mid-Day,26,13.8
1,4,E,4_PM_Peak,24,10.0
1,4,E,5_Night,27,11.1
1,4,W,1_Early_AM,15,24.0
1,4,W,2_AM_Peak,17,10.6
1,4,W,3_Mid-Day,26,13.8
1,4,W,4_PM_Peak,20,12.0
1,4,W,5_Night,20,15.0
1,10,E,1_Early_AM,8,45.0
1,10,E,2_AM_Peak,17,10.6
1,10,E,3_Mid-Day,19,18.9
1,10,E,4_PM_Peak,23,10.4
1,10,E,5_Night,9,33.3
1,10,W,1_Early_AM,8,45.0
1,10,W,2_AM_Peak,20,9.0
1,10,W,3_Mid-Day,20,18.0
1,10,W,4_PM_Peak,20,12.0
1,10,W,5_Night,8,37.5
1,14,N,1_Early_AM,8,45.0
1,14,N,2_AM_Peak,28,6.4
1,14,N,3_Mid-Day,29,12.4
1,14,N,4_PM_Peak,26,9.2
1,14,N,5_Night,8,37.5
1,14,S,1_Early_AM,7,51.4
1,14,S,2_AM_Peak,24,7.5
1,14,S,3_Mid-Day,28,12.9
1,14,S,4_PM_Peak,32,7.5
1,14,S,5_Night,9,33.3
1,16,E,1_Early_AM,10,36.0
1,16,E,2_AM_Peak,44,4.1
1,16,E,3_Mid-Day,42,8.6
1,16,E,4_PM_Peak,47,5.1
1,16,E,5_Night,21,14.3
1,16,W,1_Early_AM,7,51.4
1,16,W,2_AM_Peak,36,5.0
1,16,W,3_Mid-Day,47,7.7
1,16,W,4_PM_Peak,51,4.7
1,16,W,5_Night,18,16.7
1,18,E,1_Early_AM,10,36.0
1,18,E,2_AM_Peak,33,5.5
1,18,E,3_Mid-Day,35,10.3
1,18,E,4_PM_Peak,28,8.6
1,18,E,5_Night,12,25.0
1,18,W,1_Early_AM,7,51.4
1,18,W,2_AM_Peak,16,11.3
1,18,W,3_Mid-Day,34,10.6
1,18,W,4_PM_Peak,39,6.2
1,18,W,5_Night,13,23.1
1,20,E,1_Early_AM,12,30.0
1,20,E,2_AM_Peak,13,13.8
1,20,E,3_Mid-Day,30,12.0
1,20,E,4_PM_Peak,29,8.3
1,20,E,5_Night,14,21.4
1,20,W,1_Early_AM,13,27.7
1,20,W,2_AM_Peak,20,9.0
1,20,W,3_Mid-Day,30,12.0
1,20,W,4_PM_Peak,21,11.4
1,20,W,5_Night,11,27.3
1,28,E,1_Early_AM,11,32.7
1,28,E,2_AM_Peak,13,13.8
1,28,E,3_Mid-Day,18,20.0
1,28,E,4_PM_Peak,21,11.4
1,28,E,5_Night,11,27.3
1,28,W,1_Early_AM,12,30.0
1,28,W,2_AM_Peak,19,9.5
1,28,W,3_Mid-Day,18,20.0
1,28,W,4_PM_Peak,17,14.1
1,28,W,5_Night,9,33.3
1,30,E,1_Early_AM,13,27.7
1,30,E,2_AM_Peak,31,5.8
1,30,E,3_Mid-Day,40,9.0
1,30,E,4_PM_Peak,29,8.3
1,30,E,5_Night,14,21.4
1,30,W,1_Early_AM,10,36.0
1,30,W,2_AM_Peak,22,8.2
1,30,W,3_Mid-Day,42,8.6
1,30,W,4_PM_Peak,36,6.7
1,30,W,5_Night,15,20.0
1,33,E,1_Early_AM,11,32.7
1,33,E,2_AM_Peak,11,16.4
1,33,E,3_Mid-Day,21,17.1
1,33,E,4_PM_Peak,26,9.2
1,33,E,5_Night,17,17.6
1,33,W,1_Early_AM,9,40.0
1,33,W,2_AM_Peak,22,8.2
1,33,W,3_Mid-Day,23,15.7
1,33,W,4_PM_Peak,15,16.0
1,33,W,5_Night,10,30.0
1,35,E,1_Early_AM,10,36.0
1,35,E,2_AM_Peak,16,11.3
1,35,E,3_Mid-Day,29,12.4
1,35,E,4_PM_Peak,22,10.9
1,35,E,5_Night,15,20.0
1,35,W,1_Early_AM,5,72.0
1,35,W,2_AM_Peak,16,11.3
1,35,W,3_Mid-Day,30,12.0
1,35,W,4_PM_Peak,21,11.4
1,35,W,5_Night,16,18.8
1,40,N,1_Early_AM,10,36.0
1,40,N,2_AM_Peak,21,8.6
1,40,N,3_Mid-Day,29,12.4
1,40,N,4_PM_Peak,20,12.0
1,40,N,5_Night,12,25.0
1,40,S,1_Early_AM,8,45.0
1,40,S,2_AM_Peak,19,9.5
1,40,S,3_Mid-Day,30,12.0
1,40,S,4_PM_Peak,28,8.6
1,40,S,5_Night,15,20.0
1,45,N,1_Early_AM,8,45.0
1,45,N,2_AM_Peak,31,5.8
1,45,N,3_Mid-Day,33,10.9
1,45,N,4_PM_Peak,28,8.6
1,45,N,5_Night,8,37.5
1,45,S,1_Early_AM,7,51.4
1,45,S,2_AM_Peak,22,8.2
1,45,S,3_Mid-Day,34,10.6
1,45,S,4_PM_Peak,42,5.7
1,45,S,5_Night,15,20.0
1,51,N,1_Early_AM,10,36.0
1,51,N,2_AM_Peak,38,4.7
1,51,N,3_Mid-Day,32,11.3
1,51,N,4_PM_Peak,40,6.0
1,51,N,5_Night,12,25.0
1,51,S,1_Early_AM,9,40.0
1,51,S,2_AM_Peak,38,4.7
1,51,S,3_Mid-Day,31,11.6
1,51,S,4_PM_Peak,47,5.1
1,51,S,5_Night,15,20.0
1,53,N,1_Early_AM,4,90.0
1,53,N,2_AM_Peak,27,6.7
1,53,N,3_Mid-Day,26,13.8
1,53,N,4_PM_Peak,18,13.3
1,53,N,5_Night,7,42.9
1,53,S,1_Early_AM,3,120.0
1,53,S,2_AM_Peak,12,15.0
1,53,S,3_Mid-Day,24,15.0
1,53,S,4_PM_Peak,28,8.6
1,53,S,5_Night,11,27.3
1,55,N,1_Early_AM,12,30.0
1,55,N,2_AM_Peak,24,7.5
1,55,N,3_Mid-Day,18,20.0
1,55,N,4_PM_Peak,15,16.0
1,55,N,5_Night,7,42.9
1,55,S,1_Early_AM,11,32.7
1,55,S,2_AM_Peak,11,16.4
1,55,S,3_Mid-Day,18,20.0
1,55,S,4_PM_Peak,23,10.4
1,55,S,5_Night,10,30.0
1,60,N,1_Early_AM,10,36.0
1,60,N,2_AM_Peak,25,7.2
1,60,N,3_Mid-Day,26,13.8
1,60,N,4_PM_Peak,32,7.5
1,60,N,5_Night,10,30.0
1,60,S,1_Early_AM,12,30.0
1,60,S,2_AM_Peak,25,7.2
1,60,S,3_Mid-Day,26,13.8
1,60,S,4_PM_Peak,37,6.5
1,60,S,5_Night,13,23.1
1,62,E,1_Early_AM,1,360.0
1,62,E,2_AM_Peak,9,20.0
1,62,E,3_Mid-Day,12,30.0
1,62,E,4_PM_Peak,9,26.7
1,62,E,5_Night,5,60.0
1,62,W,1_Early_AM,2,180.0
1,62,W,2_AM_Peak,9,20.0
1,62,W,3_Mid-Day,12,30.0
1,62,W,4_PM_Peak,11,21.8
1,62,W,5_Night,6,50.0
1,66,E,1_Early_AM,6,60.0
1,66,E,2_AM_Peak,34,5.3
1,66,E,3_Mid-Day,22,16.4
1,66,E,4_PM_Peak,18,13.3
1,66,E,5_Night,8,37.5
1,66,W,1_Early_AM,5,72.0
1,66,W,2_AM_Peak,18,10.0
1,66,W,3_Mid-Day,21,17.1
1,66,W,4_PM_Peak,34,7.1
1,66,W,5_Night,13,23.1
1,68,E,1_Early_AM,4,90.0
1,68,E,2_AM_Peak,10,18.0
1,68,E,3_Mid-Day,18,20.0
1,68,E,4_PM_Peak,15,16.0
1,68,E,5_Night,10,30.0
1,68,W,1_Early_AM,4,90.0
1,68,W,2_AM_Peak,13,13.8
1,68,W,3_Mid-Day,16,22.5
1,68,W,4_PM_Peak,15,16.0
1,68,W,5_Night,8,37.5
1,70,E,1_Early_AM,7,51.4
1,70,E,2_AM_Peak,15,12.0
1,70,E,3_Mid-Day,24,15.0
1,70,E,4_PM_Peak,19,12.6
1,70,E,5_Night,12,25.0
1,70,W,1_Early_AM,8,45.0
1,70,W,2_AM_Peak,18,10.0
1,70,W,3_Mid-Day,28,12.9
1,70,W,4_PM_Peak,17,14.1
1,70,W,5_Night,8,37.5
1,71,E,2_AM_Peak,11,16.4
1,71,E,3_Mid-Day,10,36.0
1,71,E,4_PM_Peak,7,34.3
1,71,E,5_Night,2,150.0
1,71,W,1_Early_AM,1,360.0
1,71,W,2_AM_Peak,9,20.0
1,71,W,3_Mid-Day,11,32.7
1,71,W,4_PM_Peak,7,34.3
1,71,W,5_Night,2,150.0
1,76,E,1_Early_AM,6,60.0
1,76,E,2_AM_Peak,10,18.0
1,76,E,3_Mid-Day,23,15.7
1,76,E,4_PM_Peak,18,13.3
1,76,E,5_Night,7,42.9
1,76,W,1_Early_AM,8,45.0
1,76,W,2_AM_Peak,12,15.0
1,76,W,3_Mid-Day,24,15.0
1,76,W,4_PM_Peak,14,17.1
1,76,W,5_Night,7,42.9
1,78,E,1_Early_AM,5,72.0
1,78,E,2_AM_Peak,14,12.9
1,78,E,3_Mid-Day,28,12.9
1,78,E,4_PM_Peak,31,7.7
1,78,E,5_Night,14,21.4
1,78,W,1_Early_AM,7,51.4
1,78,W,2_AM_Peak,26,6.9
1,78,W,3_Mid-Day,26,13.8
1,78,W,4_PM_Peak,22,10.9
1,78,W,5_Night,11,27.3
1,81,N,1_Early_AM,4,90.0
1,81,N,2_AM_Peak,20,9.0
1,81,N,3_Mid-Day,26,13.8
1,81,N,4_PM_Peak,21,11.4
1,81,N,5_Night,7,42.9
1,81,S,1_Early_AM,5,72.0
1,81,S,2_AM_Peak,22,8.2
1,81,S,3_Mid-Day,25,14.4
1,81,S,4_PM_Peak,25,9.6
1,81,S,5_Night,9,33.3
1,83,N,1_Early_AM,6,60.0
1,83,N,2_AM_Peak,5,36.0
1,83,N,3_Mid-Day,10,36.0
1,83,N,4_PM_Peak,11,21.8
1,83,N,5_Night,7,42.9
1,83,S,1_Early_AM,8,45.0
1,83,S,2_AM_Peak,8,22.5
1,83,S,3_Mid-Day,10,36.0
1,83,S,4_PM_Peak,8,30.0
1,83,S,5_Night,6,50.0
1,90,N,1_Early_AM,3,120.0
1,90,N,2_AM_Peak,12,15.0
1,90,N,3_Mid-Day,13,27.7
1,90,N,4_PM_Peak,15,16.0
1,90,N,5_Night,8,37.5
1,90,S,1_Early_AM,3,120.0
1,90,S,2_AM_Peak,9,20.0
1,90,S,3_Mid-Day,15,24.0
1,90,S,4_PM_Peak,10,24.0
1,90,S,5_Night,10,30.0
1,92,N,1_Early_AM,6,60.0
1,92,N,2_AM_Peak,9,20.0
1,92,N,3_Mid-Day,14,25.7
1,92,N,4_PM_Peak,12,20.0
1,92,N,5_Night,7,42.9
1,92,S,1_Early_AM,7,51.4
1,92,S,2_AM_Peak,9,20.0
1,92,S,3_Mid-Day,15,24.0
1,92,S,4_PM_Peak,11,21.8
1,92,S,5_Night,6,50.0
1,94,N,1_Early_AM,4,90.0
1,94,N,2_AM_Peak,9,20.0
1,94,N,3_Mid-Day,12,30.0
1,94,N,4_PM_Peak,11,21.8
1,94,N,5_Night,8,37.5
1,94,S,1_Early_AM,5,72.0
1,94,S,2_AM_Peak,9,20.0
1,94,S,3_Mid-Day,13,27.7
1,94,S,4_PM_Peak,11,21.8
1,94,S,5_Night,6,50.0
1,96,N,1_Early_AM,3,120.0
1,96,N,2_AM_Peak,6,30.0
1,96,N,3_Mid-Day,9,40.0
1,96,N,4_PM_Peak,8,30.0
1,96,N,5_Night,3,100.0
1,96,S,1_Early_AM,2,180.0
1,96,S,2_AM_Peak,6,30.0
1,96,S,3_Mid-Day,9,40.0
1,96,S,4_PM_Peak,8,30.0
1,96,S,5_Night,3,100.0
1,102,E,1_Early_AM,2,180.0
1,102,E,2_AM_Peak,5,36.0
1,102,E,3_Mid-Day,7,51.4
1,102,E,4_PM_Peak,6,40.0
1,102,E,5_Night,6,50.0
1,102,W,1_Early_AM,1,360.0
1,102,W,2_AM_Peak,5,36.0
1,102,W,3_Mid-Day,7,51.4
1,102,W,4_PM_Peak,6,40.0
1,102,W,5_Night,6,50.0
1,105,N,1_Early_AM,7,51.4
1,105,N,2_AM_Peak,10,18.0
1,105,N,3_Mid-Day,19,18.9
1,105,N,4_PM_Peak,18,13.3
1,105,N,5_Night,8,37.5
1,105,S,1_Early_AM,8,45.0
1,105,S,2_AM_Peak,13,13.8
1,105,S,3_Mid-Day,19,18.9
1,105,S,4_PM_Peak,14,17.1
1,105,S,5_Night,9,33.3
1,108,E,1_Early_AM,7,51.4
1,108,E,2_AM_Peak,26,6.9
1,108,E,3_Mid-Day,24,15.0
1,108,E,4_PM_Peak,25,9.6
1,108,E,5_Night,7,42.9
1,108,W,1_Early_AM,5,72.0
1,108,W,2_AM_Peak,20,9.0
1,108,W,3_Mid-Day,25,14.4
1,108,W,4_PM_Peak,28,8.6
1,108,W,5_Night,7,42.9
1,110,E,1_Early_AM,4,90.0
1,110,E,2_AM_Peak,11,16.4
1,110,E,3_Mid-Day,15,24.0
1,110,E,4_PM_Peak,23,10.4
1,110,E,5_Night,6,50.0
1,110,W,1_Early_AM,4,90.0
1,110,W,2_AM_Peak,12,15.0
1,110,W,3_Mid-Day,17,21.2
1,110,W,4_PM_Peak,17,14.1
1,110,W,5_Night,6,50.0
1,111,E,1_Early_AM,9,40.0
1,111,E,2_AM_Peak,16,11.3
1,111,E,3_Mid-Day,25,14.4
1,111,E,4_PM_Peak,23,10.4
1,111,E,5_Night,11,27.3
1,111,W,1_Early_AM,10,36.0
1,111,W,2_AM_Peak,19,9.5
1,111,W,3_Mid-Day,24,15.0
1,111,W,4_PM_Peak,24,10.0
1,111,W,5_Night,12,25.0
1,115,E,1_Early_AM,3,120.0
1,115,E,2_AM_Peak,17,10.6
1,115,E,3_Mid-Day,23,15.7
1,115,E,4_PM_Peak,25,9.6
1,115,E,5_Night,9,33.3
1,115,W,1_Early_AM,3,120.0
1,115,W,2_AM_Peak,23,7.8
1,115,W,3_Mid-Day,22,16.4
1,115,W,4_PM_Peak,20,12.0
1,115,W,5_Night,9,33.3
1,117,E,1_Early_AM,3,120.0
1,117,E,2_AM_Peak,8,22.5
1,117,E,3_Mid-Day,16,22.5
1,117,E,4_PM_Peak,11,21.8
1,117,E,5_Night,7,42.9
1,117,W,1_Early_AM,6,60.0
1,117,W,2_AM_Peak,9,20.0
1,117,W,3_Mid-Day,16,22.5
1,117,W,4_PM_Peak,10,24.0
1,117,W,5_Night,6,50.0
1,120,E,1_Early_AM,1,360.0
1,120,E,2_AM_Peak,5,36.0
1,120,E,3_Mid-Day,8,45.0
1,120,E,4_PM_Peak,6,40.0
1,120,E,5_Night,6,50.0
1,120,W,1_Early_AM,2,180.0
1,120,W,2_AM_Peak,4,45.0
1,120,W,3_Mid-Day,6,60.0
1,120,W,4_PM_Peak,7,34.3
1,120,W,5_Night,5,60.0
1,125,E,1_Early_AM,2,180.0
1,125,E,2_AM_Peak,9,20.0
1,125,E,3_Mid-Day,12,30.0
1,125,E,4_PM_Peak,10,24.0
1,125,E,5_Night,3,100.0
1,125,W,1_Early_AM,2,180.0
1,125,W,2_AM_Peak,10,18.0
1,125,W,3_Mid-Day,12,30.0
1,125,W,4_PM_Peak,10,24.0
1,125,W,5_Night,3,100.0
1,126,E,2_AM_Peak,3,60.0
1,126,E,4_PM_Peak,3,80.0
1,126,W,2_AM_Peak,3,60.0
1,126,W,4_PM_Peak,4,60.0
1,127,E,2_AM_Peak,4,45.0
1,127,E,3_Mid-Day,6,60.0
1,127,E,4_PM_Peak,4,60.0
1,127,E,5_Night,1,300.0
1,127,W,2_AM_Peak,3,60.0
1,127,W,3_Mid-Day,7,51.4
1,127,W,4_PM_Peak,4,60.0
1,128,E,2_AM_Peak,4,45.0
1,128,E,3_Mid-Day,7,51.4
1,128,E,4_PM_Peak,4,60.0
1,128,E,5_Night,2,150.0
1,128,W,2_AM_Peak,4,45.0
1,128,W,3_Mid-Day,7,51.4
1,128,W,4_PM_Peak,5,48.0
1,128,W,5_Night,2,150.0
1,130,E,1_Early_AM,2,180.0
1,130,E,2_AM_Peak,6,30.0
1,130,E,3_Mid-Day,7,51.4
1,130,E,4_PM_Peak,10,24.0
1,130,E,5_Night,4,75.0
1,130,W,1_Early_AM,1,360.0
1,130,W,2_AM_Peak,7,25.7
1,130,W,3_Mid-Day,8,45.0
1,130,W,4_PM_Peak,7,34.3
1,130,W,5_Night,4,75.0
1,150,E,1_Early_AM,10,36.0
1,150,E,2_AM_Peak,12,15.0
1,150,E,3_Mid-Day,25,14.4
1,150,E,4_PM_Peak,20,12.0
1,150,E,5_Night,15,20.0
1,150,W,1_Early_AM,10,36.0
1,150,W,2_AM_Peak,15,12.0
1,150,W,3_Mid-Day,24,15.0
1,150,W,4_PM_Peak,20,12.0
1,150,W,5_Night,15,20.0
1,152,E,1_Early_AM,3,120.0
1,152,E,2_AM_Peak,16,11.3
1,152,E,3_Mid-Day,15,24.0
1,152,E,4_PM_Peak,25,9.6
1,152,E,5_Night,6,50.0
1,152,W,1_Early_AM,3,120.0
1,152,W,2_AM_Peak,18,10.0
1,152,W,3_Mid-Day,16,22.5
1,152,W,4_PM_Peak,21,11.4
1,152,W,5_Night,8,37.5
1,154,E,2_AM_Peak,3,60.0
1,154,E,3_Mid-Day,6,60.0
1,154,E,4_PM_Peak,4,60.0
1,154,E,5_Night,1,300.0
1,154,W,1_Early_AM,1,360.0
1,154,W,2_AM_Peak,3,60.0
1,154,W,3_Mid-Day,6,60.0
1,154,W,4_PM_Peak,4,60.0
1,155,E,1_Early_AM,2,180.0
1,155,E,2_AM_Peak,6,30.0
1,155,E,3_Mid-Day,10,36.0
1,155,E,4_PM_Peak,7,34.3
1,155,E,5_Night,1,300.0
1,155,W,2_AM_Peak,6,30.0
1,155,W,3_Mid-Day,9,40.0
1,155,W,4_PM_Peak,8,30.0
1,155,W,5_Night,5,60.0
1,156,N,1_Early_AM,7,51.4
1,156,N,2_AM_Peak,5,36.0
1,156,N,3_Mid-Day,7,51.4
1,156,N,4_PM_Peak,7,34.3
1,156,N,5_Night,5,60.0
1,156,S,1_Early_AM,7,51.4
1,156,S,2_AM_Peak,7,25.7
1,156,S,3_Mid-Day,7,51.4
1,156,S,4_PM_Peak,6,40.0
1,156,S,5_Night,5,60.0
1,158,E,1_Early_AM,1,360.0
1,158,E,2_AM_Peak,5,36.0
1,158,E,3_Mid-Day,6,60.0
1,158,E,4_PM_Peak,6,40.0
1,158,E,5_Night,2,150.0
1,158,W,1_Early_AM,1,360.0
1,158,W,2_AM_Peak,8,22.5
1,158,W,3_Mid-Day,6,60.0
1,158,W,4_PM_Peak,5,48.0
1,158,W,5_Night,3,100.0
1,161,E,2_AM_Peak,3,60.0
1,161,E,3_Mid-Day,7,51.4
1,161,E,4_PM_Peak,7,34.3
1,161,E,5_Night,3,100.0
1,161,W,2_AM_Peak,10,18.0
1,161,W,3_Mid-Day,7,51.4
1,161,W,4_PM_Peak,4,60.0
1,161,W,5_Night,1,300.0
1,163,E,1_Early_AM,4,90.0
1,163,E,2_AM_Peak,16,11.3
1,163,E,3_Mid-Day,17,21.2
1,163,E,4_PM_Peak,20,12.0
1,163,E,5_Night,7,42.9
1,163,W,1_Early_AM,2,180.0
1,163,W,2_AM_Peak,16,11.3
1,163,W,3_Mid-Day,16,22.5
1,163,W,4_PM_Peak,19,12.6
1,163,W,5_Night,8,37.5
1,164,E,1_Early_AM,2,180.0
1,164,E,2_AM_Peak,7,25.7
1,164,E,3_Mid-Day,13,27.7
1,164,E,4_PM_Peak,16,15.0
1,164,E,5_Night,7,42.9
1,164,W,1_Early_AM,3,120.0
1,164,W,2_AM_Peak,14,12.9
1,164,W,3_Mid-Day,12,30.0
1,164,W,4_PM_Peak,11,21.8
1,164,W,5_Night,7,42.9
1,165,E,1_Early_AM,2,180.0
1,165,E,2_AM_Peak,11,16.4
1,165,E,3_Mid-Day,12,30.0
1,165,E,4_PM_Peak,22,10.9
1,165,E,5_Night,4,75.0
1,165,W,1_Early_AM,3,120.0
1,165,W,2_AM_Peak,22,8.2
1,165,W,3_Mid-Day,13,27.7
1,165,W,4_PM_Peak,14,17.1
1,165,W,5_Night,5,60.0
1,166,E,1_Early_AM,1,360.0
1,166,E,2_AM_Peak,10,18.0
1,166,E,3_Mid-Day,16,22.5
1,166,E,4_PM_Peak,25,9.6
1,166,E,5_Night,4,75.0
1,166,W,1_Early_AM,4,90.0
1,166,W,2_AM_Peak,19,9.5
1,166,W,3_Mid-Day,16,22.5
1,166,W,4_PM_Peak,14,17.1
1,166,W,5_Night,6,50.0
1,167,E,1_Early_AM,1,360.0
1,167,E,2_AM_Peak,4,45.0
1,167,E,3_Mid-Day,7,51.4
1,167,E,4_PM_Peak,6,40.0
1,167,E,5_Night,5,60.0
1,167,W,1_Early_AM,1,360.0
1,167,W,2_AM_Peak,5,36.0
1,167,W,3_Mid-Day,7,51.4
1,167,W,4_PM_Peak,5,48.0
1,167,W,5_Night,5,60.0
1,169,E,1_Early_AM,2,180.0
1,169,E,2_AM_Peak,5,36.0
1,169,E,3_Mid-Day,6,60.0
1,169,E,4_PM_Peak,8,30.0
1,169,E,5_Night,1,300.0
1,169,W,2_AM_Peak,6,30.0
1,169,W,3_Mid-Day,6,60.0
1,169,W,4_PM_Peak,5,48.0
1,169,W,5_Night,2,150.0
1,175,E,2_AM_Peak,8,22.5
1,175,E,3_Mid-Day,1,360.0
1,175,E,4_PM_Peak,4,60.0
1,175,E,5_Night,2,150.0
1,175,W,2_AM_Peak,4,45.0
1,175,W,3_Mid-Day,2,180.0
1,175,W,4_PM_Peak,9,26.7
1,175,W,5_Night,1,300.0
1,176,E,1_Early_AM,2,180.0
1,176,E,2_AM_Peak,4,45.0
1,176,E,3_Mid-Day,8,45.0
1,176,E,4_PM_Peak,5,48.0
1,176,E,5_Night,4,75.0
1,176,W,1_Early_AM,1,360.0
1,176,W,2_AM_Peak,5,36.0
1,176,W,3_Mid-Day,8,45.0
1,176,W,4_PM_Peak,5,48.0
1,176,W,5_Night,2,150.0
1,177,E,4_PM_Peak,7,34.3
1,177,W,1_Early_AM,1,360.0
1,177,W,2_AM_Peak,5,36.0
1,177,W,3_Mid-Day,1,360.0
1,180,E,1_Early_AM,8,45.0
1,180,E,2_AM_Peak,9,20.0
1,180,E,3_Mid-Day,21,17.1
1,180,E,4_PM_Peak,14,17.1
1,180,E,5_Night,11,27.3
1,180,W,1_Early_AM,9,40.0
1,180,W,2_AM_Peak,10,18.0
1,180,W,3_Mid-Day,21,17.1
1,180,W,4_PM_Peak,13,18.5
1,180,W,5_Night,11,27.3
1,183,E,1_Early_AM,1,360.0
1,183,E,2_AM_Peak,4,45.0
1,183,E,3_Mid-Day,6,60.0
1,183,E,4_PM_Peak,6,40.0
1,183,E,5_Night,4,75.0
1,183,W,1_Early_AM,1,360.0
1,183,W,2_AM_Peak,5,36.0
1,183,W,3_Mid-Day,6,60.0
1,183,W,4_PM_Peak,7,34.3
1,183,W,5_Night,2,150.0
1,190,E,1_Early_AM,7,51.4
1,190,E,2_AM_Peak,20,9.0
1,190,E,3_Mid-Day,21,17.1
1,190,E,4_PM_Peak,27,8.9
1,190,E,5_Night,13,23.1
1,190,W,1_Early_AM,8,45.0
1,190,W,2_AM_Peak,24,7.5
1,190,W,3_Mid-Day,22,16.4
1,190,W,4_PM_Peak,21,11.4
1,190,W,5_Night,10,30.0
1,200,N,1_Early_AM,6,60.0
1,200,N,2_AM_Peak,22,8.2
1,200,N,3_Mid-Day,36,10.0
1,200,N,4_PM_Peak,33,7.3
1,200,N,5_Night,13,23.1
1,200,S,1_Early_AM,5,72.0
1,200,S,2_AM_Peak,24,7.5
1,200,S,3_Mid-Day,38,9.5
1,200,S,4_PM_Peak,30,8.0
1,200,S,5_Night,12,25.0
1,201,N,2_AM_Peak,4,45.0
1,201,N,3_Mid-Day,7,51.4
1,201,N,4_PM_Peak,5,48.0
1,201,N,5_Night,2,150.0
1,201,S,1_Early_AM,1,360.0
1,201,S,2_AM_Peak,3,60.0
1,201,S,3_Mid-Day,7,51.4
1,201,S,4_PM_Peak,5,48.0
1,201,S,5_Night,2,150.0
1,202,N,2_AM_Peak,3,60.0
1,202,N,3_Mid-Day,1,360.0
1,202,N,4_PM_Peak,3,80.0
1,202,N,5_Night,1,300.0
1,202,S,1_Early_AM,1,360.0
1,202,S,2_AM_Peak,3,60.0
1,202,S,4_PM_Peak,4,60.0
1,204,N,1_Early_AM,15,24.0
1,204,N,2_AM_Peak,20,9.0
1,204,N,3_Mid-Day,25,14.4
1,204,N,4_PM_Peak,23,10.4
1,204,N,5_Night,13,23.1
1,204,S,1_Early_AM,12,30.0
1,204,S,2_AM_Peak,15,12.0
1,204,S,3_Mid-Day,28,12.9
1,204,S,4_PM_Peak,26,9.2
1,204,S,5_Night,18,16.7
1,205,N,1_Early_AM,3,120.0
1,205,N,2_AM_Peak,6,30.0
1,205,N,3_Mid-Day,12,30.0
1,205,N,4_PM_Peak,6,40.0
1,205,N,5_Night,4,75.0
1,205,S,1_Early_AM,1,360.0
1,205,S,2_AM_Peak,9,20.0
1,205,S,3_Mid-Day,11,32.7
1,205,S,4_PM_Peak,7,34.3
1,205,S,5_Night,5,60.0
1,206,N,1_Early_AM,5,72.0
1,206,N,2_AM_Peak,17,10.6
1,206,N,3_Mid-Day,20,18.0
1,206,N,4_PM_Peak,19,12.6
1,206,N,5_Night,7,42.9
1,206,S,1_Early_AM,7,51.4
1,206,S,2_AM_Peak,15,12.0
1,206,S,3_Mid-Day,18,20.0
1,206,S,4_PM_Peak,22,10.9
1,206,S,5_Night,11,27.3
1,207,N,1_Early_AM,10,36.0
1,207,N,2_AM_Peak,18,10.0
1,207,N,3_Mid-Day,21,17.1
1,207,N,4_PM_Peak,19,12.6
1,207,N,5_Night,12,25.0
1,207,S,1_Early_AM,10,36.0
1,207,S,2_AM_Peak,14,12.9
1,207,S,3_Mid-Day,21,17.1
1,207,S,4_PM_Peak,22,10.9
1,207,S,5_Night,15,20.0
1,209,N,1_Early_AM,1,360.0
1,209,N,2_AM_Peak,4,45.0
1,209,N,3_Mid-Day,6,60.0
1,209,N,4_PM_Peak,4,60.0
1,209,N,5_Night,2,150.0
1,209,S,2_AM_Peak,4,45.0
1,209,S,3_Mid-Day,6,60.0
1,209,S,4_PM_Peak,5,48.0
1,209,S,5_Night,2,150.0
1,210,N,1_Early_AM,5,72.0
1,210,N,2_AM_Peak,16,11.3
1,210,N,3_Mid-Day,21,17.1
1,210,N,4_PM_Peak,15,16.0
1,210,N,5_Night,9,33.3
1,210,S,1_Early_AM,5,72.0
1,210,S,2_AM_Peak,13,13.8
1,210,S,3_Mid-Day,20,18.0
1,210,S,4_PM_Peak,20,12.0
1,210,S,5_Night,10,30.0
1,211,N,2_AM_Peak,7,25.7
1,211,N,3_Mid-Day,1,360.0
1,211,N,4_PM_Peak,7,34.3
1,211,S,1_Early_AM,1,360.0
1,211,S,2_AM_Peak,5,36.0
1,211,S,3_Mid-Day,1,360.0
1,211,S,4_PM_Peak,8,30.0
1,212,N,1_Early_AM,6,60.0
1,212,N,2_AM_Peak,26,6.9
1,212,N,3_Mid-Day,31,11.6
1,212,N,4_PM_Peak,18,13.3
1,212,N,5_Night,9,33.3
1,212,S,1_Early_AM,5,72.0
1,212,S,2_AM_Peak,14,12.9
1,212,S,3_Mid-Day,31,11.6
1,212,S,4_PM_Peak,30,8.0
1,212,S,5_Night,15,20.0
1,217,N,1_Early_AM,8,45.0
1,217,N,2_AM_Peak,11,16.4
1,217,N,3_Mid-Day,24,15.0
1,217,N,4_PM_Peak,19,12.6
1,217,N,5_Night,15,20.0
1,217,S,1_Early_AM,7,51.4
1,217,S,2_AM_Peak,11,16.4
1,217,S,3_Mid-Day,24,15.0
1,217,S,4_PM_Peak,21,11.4
1,217,S,5_Night,13,23.1
1,218,N,2_AM_Peak,5,36.0
1,218,N,3_Mid-Day,11,32.7
1,218,N,4_PM_Peak,7,34.3
1,218,N,5_Night,4,75.0
1,218,S,1_Early_AM,1,360.0
1,218,S,2_AM_Peak,6,30.0
1,218,S,3_Mid-Day,10,36.0
1,218,S,4_PM_Peak,8,30.0
1,218,S,5_Night,3,100.0
1,220,N,2_AM_Peak,3,60.0
1,220,N,3_Mid-Day,6,60.0
1,220,N,4_PM_Peak,4,60.0
1,220,N,5_Night,1,300.0
1,220,S,1_Early_AM,1,360.0
1,220,S,2_AM_Peak,3,60.0
1,220,S,3_Mid-Day,6,60.0
1,220,S,4_PM_Peak,4,60.0
1,222,N,1_Early_AM,2,180.0
1,222,N,2_AM_Peak,7,25.7
1,222,N,3_Mid-Day,6,60.0
1,222,N,4_PM_Peak,6,40.0
1,222,N,5_Night,6,50.0
1,222,S,1_Early_AM,4,90.0
1,222,S,2_AM_Peak,4,45.0
1,222,S,3_Mid-Day,6,60.0
1,222,S,4_PM_Peak,8,30.0
1,222,S,5_Night,6,50.0
1,224,N,1_Early_AM,7,51.4
1,224,N,2_AM_Peak,14,12.9
1,224,N,3_Mid-Day,19,18.9
1,224,N,4_PM_Peak,19,12.6
1,224,N,5_Night,18,16.7
1,224,S,1_Early_AM,8,45.0
1,224,S,2_AM_Peak,17,10.6
1,224,S,3_Mid-Day,19,18.9
1,224,S,4_PM_Peak,17,14.1
1,224,S,5_Night,10,30.0
1,230,N,1_Early_AM,1,360.0
1,230,N,2_AM_Peak,9,20.0
1,230,N,3_Mid-Day,11,32.7
1,230,N,4_PM_Peak,13,18.5
1,230,N,5_Night,5,60.0
1,230,S,1_Early_AM,2,180.0
1,230,S,2_AM_Peak,10,18.0
1,230,S,3_Mid-Day,12,30.0
1,230,S,4_PM_Peak,9,26.7
1,230,S,5_Night,4,75.0
1,232,N,1_Early_AM,2,180.0
1,232,N,2_AM_Peak,13,13.8
1,232,N,3_Mid-Day,13,27.7
1,232,N,4_PM_Peak,12,20.0
1,232,N,5_Night,5,60.0
1,232,S,1_Early_AM,3,120.0
1,232,S,2_AM_Peak,9,20.0
1,232,S,3_Mid-Day,14,25.7
1,232,S,4_PM_Peak,14,17.1
1,232,S,5_Night,5,60.0
1,233,N,1_Early_AM,4,90.0
1,233,N,2_AM_Peak,13,13.8
1,233,N,3_Mid-Day,24,15.0
1,233,N,4_PM_Peak,18,13.3
1,233,N,5_Night,11,27.3
1,233,S,1_Early_AM,7,51.4
1,233,S,2_AM_Peak,14,12.9
1,233,S,3_Mid-Day,25,14.4
1,233,S,4_PM_Peak,16,15.0
1,233,S,5_Night,10,30.0
1,234,N,1_Early_AM,1,360.0
1,234,N,2_AM_Peak,9,20.0
1,234,N,3_Mid-Day,13,27.7
1,234,N,4_PM_Peak,12,20.0
1,234,N,5_Night,9,33.3
1,234,S,1_Early_AM,3,120.0
1,234,S,2_AM_Peak,10,18.0
1,234,S,3_Mid-Day,13,27.7
1,234,S,4_PM_Peak,9,26.7
1,234,S,5_Night,6,50.0
1,236,E,1_Early_AM,1,360.0
1,236,E,2_AM_Peak,6,30.0
1,236,E,3_Mid-Day,12,30.0
1,236,E,4_PM_Peak,10,24.0
1,236,E,5_Night,4,75.0
1,236,W,2_AM_Peak,8,22.5
1,236,W,3_Mid-Day,12,30.0
1,236,W,4_PM_Peak,8,30.0
1,236,W,5_Night,3,100.0
1,239,N,1_Early_AM,1,360.0
1,239,N,2_AM_Peak,3,60.0
1,239,N,3_Mid-Day,6,60.0
1,239,N,4_PM_Peak,4,60.0
1,239,N,5_Night,1,300.0
1,239,S,2_AM_Peak,3,60.0
1,239,S,3_Mid-Day,6,60.0
1,239,S,4_PM_Peak,5,48.0
1,239,S,5_Night,2,150.0
1,243,E,1_Early_AM,1,360.0
1,243,E,2_AM_Peak,6,30.0
1,243,E,3_Mid-Day,6,60.0
1,243,E,4_PM_Peak,5,48.0
1,243,E,5_Night,1,300.0
1,243,W,1_Early_AM,1,360.0
1,243,W,2_AM_Peak,4,45.0
1,243,W,3_Mid-Day,7,51.4
1,243,W,4_PM_Peak,6,40.0
1,243,W,5_Night,1,300.0
1,245,E,1_Early_AM,2,180.0
1,245,E,2_AM_Peak,13,13.8
1,245,E,3_Mid-Day,8,45.0
1,245,E,4_PM_Peak,9,26.7
1,245,E,5_Night,2,150.0
1,245,W,1_Early_AM,2,180.0
1,245,W,2_AM_Peak,9,20.0
1,245,W,3_Mid-Day,8,45.0
1,245,W,4_PM_Peak,11,21.8
1,245,W,5_Night,5,60.0
1,246,N,1_Early_AM,4,90.0
1,246,N,2_AM_Peak,7,25.7
1,246,N,3_Mid-Day,7,51.4
1,246,N,4_PM_Peak,8,30.0
1,246,N,5_Night,6,50.0
1,246,S,1_Early_AM,5,72.0
1,246,S,2_AM_Peak,7,25.7
1,246,S,3_Mid-Day,6,60.0
1,246,S,4_PM_Peak,8,30.0
1,246,S,5_Night,7,42.9
1,251,N,1_Early_AM,8,45.0
1,251,N,2_AM_Peak,11,16.4
1,251,N,3_Mid-Day,18,20.0
1,251,N,4_PM_Peak,12,20.0
1,251,N,5_Night,7,42.9
1,251,S,1_Early_AM,9,40.0
1,251,S,2_AM_Peak,11,16.4
1,251,S,3_Mid-Day,19,18.9
1,251,S,4_PM_Peak,12,20.0
1,251,S,5_Night,7,42.9
1,252,N,1_Early_AM,3,120.0
1,252,N,2_AM_Peak,8,22.5
1,252,N,3_Mid-Day,9,40.0
1,252,N,4_PM_Peak,11,21.8
1,252,N,5_Night,3,100.0
1,252,S,1_Early_AM,4,90.0
1,252,S,2_AM_Peak,7,25.7
1,252,S,3_Mid-Day,9,40.0
1,252,S,4_PM_Peak,9,26.7
1,252,S,5_Night,2,150.0
1,254,N,1_Early_AM,3,120.0
1,254,N,2_AM_Peak,3,60.0
1,254,N,3_Mid-Day,6,60.0
1,254,N,4_PM_Peak,5,48.0
1,254,S,1_Early_AM,1,360.0
1,254,S,2_AM_Peak,4,45.0
1,254,S,3_Mid-Day,6,60.0
1,254,S,4_PM_Peak,4,60.0
1,254,S,5_Night,2,150.0
1,256,N,1_Early_AM,1,360.0
1,256,N,2_AM_Peak,4,45.0
1,256,N,3_Mid-Day,8,45.0
1,256,N,4_PM_Peak,5,48.0
1,256,N,5_Night,4,75.0
1,256,S,2_AM_Peak,5,36.0
1,256,S,3_Mid-Day,8,45.0
1,256,S,4_PM_Peak,5,48.0
1,256,S,5_Night,4,75.0
1,258,N,1_Early_AM,1,360.0
1,258,N,2_AM_Peak,5,36.0
1,258,N,3_Mid-Day,8,45.0
1,258,N,4_PM_Peak,6,40.0
1,258,S,2_AM_Peak,5,36.0
1,258,S,3_Mid-Day,8,45.0
1,258,S,4_PM_Peak,6,40.0
1,258,S,5_Night,1,300.0
1,260,N,1_Early_AM,4,90.0
1,260,N,2_AM_Peak,15,12.0
1,260,N,3_Mid-Day,19,18.9
1,260,N,4_PM_Peak,13,18.5
1,260,N,5_Night,6,50.0
1,260,S,1_Early_AM,4,90.0
1,260,S,2_AM_Peak,11,16.4
1,260,S,3_Mid-Day,20,18.0
1,260,S,4_PM_Peak,16,15.0
1,260,S,5_Night,7,42.9
1,265,N,1_Early_AM,1,360.0
1,265,N,2_AM_Peak,5,36.0
1,265,N,3_Mid-Day,7,51.4
1,265,N,4_PM_Peak,5,48.0
1,265,N,5_Night,2,150.0
1,265,S,2_AM_Peak,5,36.0
1,265,S,3_Mid-Day,8,45.0
1,265,S,4_PM_Peak,4,60.0
1,265,S,5_Night,3,100.0
1,266,N,1_Early_AM,1,360.0
1,266,N,2_AM_Peak,5,36.0
1,266,N,3_Mid-Day,10,36.0
1,266,N,4_PM_Peak,8,30.0
1,266,N,5_Night,4,75.0
1,266,S,1_Early_AM,2,180.0
1,266,S,2_AM_Peak,5,36.0
1,266,S,3_Mid-Day,10,36.0
1,266,S,4_PM_Peak,7,34.3
1,266,S,5_Night,4,75.0
1,267,N,2_AM_Peak,9,20.0
1,267,N,3_Mid-Day,18,20.0
1,267,N,4_PM_Peak,11,21.8
1,267,N,5_Night,5,60.0
1,267,S,1_Early_AM,2,180.0
1,267,S,2_AM_Peak,8,22.5
1,267,S,3_Mid-Day,18,20.0
1,267,S,4_PM_Peak,11,21.8
1,267,S,5_Night,4,75.0
1,268,N,1_Early_AM,1,360.0
1,268,N,2_AM_Peak,6,30.0
1,268,N,3_Mid-Day,6,60.0
1,268,N,4_PM_Peak,12,20.0
1,268,N,5_Night,2,150.0
1,268,S,1_Early_AM,2,180.0
1,268,S,2_AM_Peak,11,16.4
1,268,S,3_Mid-Day,6,60.0
1,268,S,4_PM_Peak,8,30.0
1,268,S,5_Night,4,75.0
1,270,N,1_Early_AM,2,180.0
1,270,N,2_AM_Peak,4,45.0
1,270,N,3_Mid-Day,12,30.0
1,270,N,4_PM_Peak,7,34.3
1,270,N,5_Night,2,150.0
1,270,S,1_Early_AM,1,360.0
1,270,S,2_AM_Peak,8,22.5
1,270,S,3_Mid-Day,8,45.0
1,270,S,4_PM_Peak,5,48.0
1,270,S,5_Night,2,150.0
1,292,N,1_Early_AM,3,120.0
1,292,N,2_AM_Peak,7,25.7
1,292,N,3_Mid-Day,12,30.0
1,292,N,4_PM_Peak,9,26.7
1,292,N,5_Night,6,50.0
1,292,S,1_Early_AM,6,60.0
1,292,S,2_AM_Peak,6,30.0
1,292,S,3_Mid-Day,12,30.0
1,292,S,4_PM_Peak,10,24.0
1,292,S,5_Night,7,42.9
1,344,N,1_Early_AM,1,360.0
1,344,N,2_AM_Peak,6,30.0
1,344,N,3_Mid-Day,7,51.4
1,344,N,4_PM_Peak,10,24.0
1,344,N,5_Night,2,150.0
1,344,S,1_Early_AM,1,360.0
1,344,S,2_AM_Peak,10,18.0
1,344,S,3_Mid-Day,6,60.0
1,344,S,4_PM_Peak,6,40.0
1,344,S,5_Night,2,150.0
1,442,N,2_AM_Peak,5,36.0
1,442,S,4_PM_Peak,5,48.0
1,450,N,1_Early_AM,1,360.0
1,450,N,2_AM_Peak,10,18.0
1,450,N,3_Mid-Day,6,60.0
1,450,N,4_PM_Peak,11,21.8
1,450,N,5_Night,1,300.0
1,450,S,2_AM_Peak,9,20.0
1,450,S,3_Mid-Day,7,51.4
1,450,S,4_PM_Peak,12,20.0
1,450,S,5_Night,3,100.0
1,460,E,1_Early_AM,3,120.0
1,460,E,2_AM_Peak,10,18.0
1,460,E,3_Mid-Day,13,27.7
1,460,E,4_PM_Peak,9,26.7
1,460,E,5_Night,7,42.9
1,460,W,1_Early_AM,5,72.0
1,460,W,2_AM_Peak,8,22.5
1,460,W,3_Mid-Day,13,27.7
1,460,W,4_PM_Peak,10,24.0
1,460,W,5_Night,9,33.3
1,485,N,2_AM_Peak,5,36.0
1,485,N,3_Mid-Day,7,51.4
1,485,N,4_PM_Peak,5,48.0
1,485,N,5_Night,4,75.0
1,485,S,1_Early_AM,1,360.0
1,485,S,2_AM_Peak,4,45.0
1,485,S,3_Mid-Day,8,45.0
1,485,S,4_PM_Peak,6,40.0
1,485,S,5_Night,3,100.0
1,487,E,1_Early_AM,1,360.0
1,487,E,2_AM_Peak,6,30.0
1,487,E,3_Mid-Day,9,40.0
1,487,E,4_PM_Peak,16,15.0
1,487,E,5_Night,5,60.0
1,487,W,2_AM_Peak,17,10.6
1,487,W,3_Mid-Day,9,40.0
1,487,W,4_PM_Peak,7,34.3
1,487,W,5_Night,4,75.0
1,534,E,2_AM_Peak,7,25.7
1,534,E,3_Mid-Day,13,27.7
1,534,E,4_PM_Peak,14,17.1
1,534,E,5_Night,4,75.0
1,534,W,1_Early_AM,3,120.0
1,534,W,2_AM_Peak,14,12.9
1,534,W,3_Mid-Day,12,30.0
1,534,W,4_PM_Peak,7,34.3
1,534,W,5_Night,2,150.0
1,550,N,1_Early_AM,2,180.0
1,550,N,2_AM_Peak,6,30.0
1,550,N,3_Mid-Day,7,51.4
1,550,N,4_PM_Peak,7,34.3
1,550,N,5_Night,5,60.0
1,550,S,1_Early_AM,1,360.0
1,550,S,2_AM_Peak,5,36.0
1,550,S,3_Mid-Day,7,51.4
1,550,S,4_PM_Peak,7,34.3
1,550,S,5_Night,5,60.0
1,577,N,1_Early_AM,1,360.0
1,577,N,2_AM_Peak,4,45.0
1,577,N,3_Mid-Day,8,45.0
1,577,N,4_PM_Peak,5,48.0
1,577,N,5_Night,5,60.0
1,577,S,1_Early_AM,2,180.0
1,577,S,2_AM_Peak,4,45.0
1,577,S,3_Mid-Day,8,45.0
1,577,S,4_PM_Peak,6,40.0
1,577,S,5_Night,3,100.0
1,603,N,1_Early_AM,2,180.0
1,603,N,2_AM_Peak,17,10.6
1,603,N,3_Mid-Day,19,18.9
1,603,N,4_PM_Peak,21,11.4
1,603,N,5_Night,10,30.0
1,603,S,1_Early_AM,1,360.0
1,603,S,2_AM_Peak,16,11.3
1,603,S,3_Mid-Day,19,18.9
1,603,S,4_PM_Peak,22,10.9
1,603,S,5_Night,10,30.0
1,605,N,1_Early_AM,1,360.0
1,605,N,2_AM_Peak,11,16.4
1,605,N,3_Mid-Day,16,22.5
1,605,N,4_PM_Peak,16,15.0
1,605,N,5_Night,1,300.0
1,605,S,1_Early_AM,2,180.0
1,605,S,2_AM_Peak,11,16.4
1,605,S,3_Mid-Day,16,22.5
1,605,S,4_PM_Peak,16,15.0
1,605,S,5_Night,1,300.0
1,607,C,2_AM_Peak,4,45.0
1,607,C,3_Mid-Day,1,360.0
1,607,C,4_PM_Peak,4,60.0
1,607,C,5_Night,1,300.0
1,611,C,1_Early_AM,2,180.0
1,611,C,2_AM_Peak,4,45.0
1,611,C,3_Mid-Day,6,60.0
1,611,C,4_PM_Peak,5,48.0
1,611,C,5_Night,3,100.0
1,611,CC,1_Early_AM,1,360.0
1,611,CC,2_AM_Peak,4,45.0
1,611,CC,3_Mid-Day,6,60.0
1,611,CC,4_PM_Peak,5,48.0
1,611,CC,5_Night,4,75.0
1,612,C,1_Early_AM,1,360.0
1,612,C,2_AM_Peak,3,60.0
1,612,C,3_Mid-Day,6,60.0
1,612,C,4_PM_Peak,4,60.0
1,612,C,5_Night,5,60.0
1,612,CC,1_Early_AM,1,360.0
1,612,CC,2_AM_Peak,3,60.0
1,612,CC,3_Mid-Day,6,60.0
1,612,CC,4_PM_Peak,4,60.0
1,612,CC,5_Night,5,60.0
1,620,CC,2_AM_Peak,3,60.0
1,620,CC,3_Mid-Day,6,60.0
1,620,CC,4_PM_Peak,4,60.0
1,620,CC,5_Night,2,150.0
1,625,E,1_Early_AM,2,180.0
1,625,E,2_AM_Peak,8,22.5
1,625,E,3_Mid-Day,2,180.0
1,625,E,4_PM_Peak,10,24.0
1,625,E,5_Night,2,150.0
1,625,W,1_Early_AM,3,120.0
1,625,W,2_AM_Peak,7,25.7
1,625,W,3_Mid-Day,2,180.0
1,625,W,4_PM_Peak,10,24.0
1,625,W,5_Night,2,150.0
1,665,E,1_Early_AM,1,360.0
1,665,E,2_AM_Peak,4,45.0
1,665,E,3_Mid-Day,8,45.0
1,665,E,4_PM_Peak,6,40.0
1,665,E,5_Night,2,150.0
1,665,W,1_Early_AM,1,360.0
1,665,W,2_AM_Peak,4,45.0
1,665,W,3_Mid-Day,9,40.0
1,665,W,4_PM_Peak,6,40.0
1,665,W,5_Night,2,150.0
1,685,N,1_Early_AM,1,360.0
1,685,N,2_AM_Peak,6,30.0
1,685,N,3_Mid-Day,12,30.0
1,685,N,4_PM_Peak,8,30.0
1,685,N,5_Night,3,100.0
1,685,S,2_AM_Peak,6,30.0
1,685,S,3_Mid-Day,12,30.0
1,685,S,4_PM_Peak,8,30.0
1,685,S,5_Night,3,100.0
1,687,N,1_Early_AM,1,360.0
1,687,N,2_AM_Peak,9,20.0
1,687,N,3_Mid-Day,18,20.0
1,687,N,4_PM_Peak,13,18.5
1,687,N,5_Night,9,33.3
1,687,S,1_Early_AM,2,180.0
1,687,S,2_AM_Peak,9,20.0
1,687,S,3_Mid-Day,18,20.0
1,687,S,4_PM_Peak,13,18.5
1,687,S,5_Night,7,42.9
1,704,E,2_AM_Peak,10,18.0
1,704,E,3_Mid-Day,18,20.0
1,704,E,4_PM_Peak,21,11.4
1,704,E,5_Night,5,60.0
1,704,W,2_AM_Peak,16,11.3
1,704,W,3_Mid-Day,20,18.0
1,704,W,4_PM_Peak,14,17.1
1,704,W,5_Night,4,75.0
1,705,N,1_Early_AM,2,180.0
1,705,N,2_AM_Peak,15,12.0
1,705,N,3_Mid-Day,13,27.7
1,705,N,4_PM_Peak,15,16.0
1,705,N,5_Night,4,75.0
1,705,S,1_Early_AM,2,180.0
1,705,S,2_AM_Peak,11,16.4
1,705,S,3_Mid-Day,13,27.7
1,705,S,4_PM_Peak,16,15.0
1,705,S,5_Night,4,75.0
1,710,N,1_Early_AM,1,360.0
1,710,N,2_AM_Peak,16,11.3
1,710,N,3_Mid-Day,20,18.0
1,710,N,4_PM_Peak,15,16.0
1,710,N,5_Night,5,60.0
1,710,S,1_Early_AM,1,360.0
1,710,S,2_AM_Peak,14,12.9
1,710,S,3_Mid-Day,20,18.0
1,710,S,4_PM_Peak,20,12.0
1,710,S,5_Night,5,60.0
1,720,E,1_Early_AM,9,40.0
1,720,E,2_AM_Peak,18,10.0
1,720,E,3_Mid-Day,44,8.2
1,720,E,4_PM_Peak,69,3.5
1,720,E,5_Night,32,9.4
1,720,W,1_Early_AM,14,25.7
1,720,W,2_AM_Peak,60,3.0
1,720,W,3_Mid-Day,56,6.4
1,720,W,4_PM_Peak,29,8.3
1,720,W,5_Night,20,15.0
1,728,E,1_Early_AM,2,180.0
1,728,E,2_AM_Peak,12,15.0
1,728,E,3_Mid-Day,13,27.7
1,728,E,4_PM_Peak,18,13.3
1,728,E,5_Night,4,75.0
1,728,W,1_Early_AM,2,180.0
1,728,W,2_AM_Peak,15,12.0
1,728,W,3_Mid-Day,13,27.7
1,728,W,4_PM_Peak,14,17.1
1,728,W,5_Night,4,75.0
1,733,E,1_Early_AM,2,180.0
1,733,E,2_AM_Peak,9,20.0
1,733,E,3_Mid-Day,16,22.5
1,733,E,4_PM_Peak,22,10.9
1,733,E,5_Night,12,25.0
1,733,W,1_Early_AM,2,180.0
1,733,W,2_AM_Peak,20,9.0
1,733,W,3_Mid-Day,22,16.4
1,733,W,4_PM_Peak,15,16.0
1,733,W,5_Night,10,30.0
1,734,N,1_Early_AM,1,360.0
1,734,N,2_AM_Peak,9,20.0
1,734,N,3_Mid-Day,9,40.0
1,734,N,4_PM_Peak,13,18.5
1,734,N,5_Night,5,60.0
1,734,S,1_Early_AM,2,180.0
1,734,S,2_AM_Peak,12,15.0
1,734,S,3_Mid-Day,10,36.0
1,734,S,4_PM_Peak,11,21.8
1,734,S,5_Night,3,100.0
1,740,N,1_Early_AM,4,90.0
1,740,N,2_AM_Peak,10,18.0
1,740,N,3_Mid-Day,12,30.0
1,740,N,4_PM_Peak,13,18.5
1,740,N,5_Night,3,100.0
1,740,S,1_Early_AM,1,360.0
1,740,S,2_AM_Peak,12,15.0
1,740,S,3_Mid-Day,12,30.0
1,740,S,4_PM_Peak,12,20.0
1,740,S,5_Night,5,60.0
1,741,N,1_Early_AM,1,360.0
1,741,N,2_AM_Peak,11,16.4
1,741,N,3_Mid-Day,13,27.7
1,741,N,4_PM_Peak,14,17.1
1,741,N,5_Night,4,75.0
1,741,S,1_Early_AM,2,180.0
1,741,S,2_AM_Peak,11,16.4
1,741,S,3_Mid-Day,14,25.7
1,741,S,4_PM_Peak,13,18.5
1,741,S,5_Night,4,75.0
1,745,N,1_Early_AM,2,180.0
1,745,N,2_AM_Peak,29,6.2
1,745,N,3_Mid-Day,18,20.0
1,745,N,4_PM_Peak,17,14.1
1,745,N,5_Night,4,75.0
1,745,S,1_Early_AM,2,180.0
1,745,S,2_AM_Peak,13,13.8
1,745,S,3_Mid-Day,18,20.0
1,745,S,4_PM_Peak,21,11.4
1,745,S,5_Night,6,50.0
1,750,E,1_Early_AM,1,360.0
1,750,E,2_AM_Peak,12,15.0
1,750,E,3_Mid-Day,12,30.0
1,750,E,4_PM_Peak,17,14.1
1,750,E,5_Night,5,60.0
1,750,W,1_Early_AM,2,180.0
1,750,W,2_AM_Peak,19,9.5
1,750,W,3_Mid-Day,15,24.0
1,750,W,4_PM_Peak,18,13.3
1,750,W,5_Night,9,33.3
1,751,N,1_Early_AM,1,360.0
1,751,N,2_AM_Peak,11,16.4
1,751,N,3_Mid-Day,15,24.0
1,751,N,4_PM_Peak,16,15.0
1,751,N,5_Night,3,100.0
1,751,S,1_Early_AM,4,90.0
1,751,S,2_AM_Peak,12,15.0
1,751,S,3_Mid-Day,16,22.5
1,751,S,4_PM_Peak,14,17.1
1,751,S,5_Night,1,300.0
1,754,N,1_Early_AM,3,120.0
1,754,N,2_AM_Peak,29,6.2
1,754,N,3_Mid-Day,26,13.8
1,754,N,4_PM_Peak,28,8.6
1,754,N,5_Night,7,42.9
1,754,S,1_Early_AM,2,180.0
1,754,S,2_AM_Peak,25,7.2
1,754,S,3_Mid-Day,25,14.4
1,754,S,4_PM_Peak,35,6.9
1,754,S,5_Night,7,42.9
1,757,N,2_AM_Peak,19,9.5
1,757,N,3_Mid-Day,25,14.4
1,757,N,4_PM_Peak,22,10.9
1,757,N,5_Night,1,300.0
1,757,S,2_AM_Peak,14,12.9
1,757,S,3_Mid-Day,24,15.0
1,757,S,4_PM_Peak,25,9.6
1,757,S,5_Night,2,150.0
1,760,N,1_Early_AM,2,180.0
1,760,N,2_AM_Peak,16,11.3
1,760,N,3_Mid-Day,16,22.5
1,760,N,4_PM_Peak,14,17.1
1,760,N,5_Night,3,100.0
1,760,S,1_Early_AM,2,180.0
1,760,S,2_AM_Peak,12,15.0
1,760,S,3_Mid-Day,15,24.0
1,760,S,4_PM_Peak,18,13.3
1,760,S,5_Night,3,100.0
1,761,N,2_AM_Peak,9,20.0
1,761,N,3_Mid-Day,17,21.2
1,761,N,4_PM_Peak,19,12.6
1,761,N,5_Night,9,33.3
1,761,S,1_Early_AM,3,120.0
1,761,S,2_AM_Peak,17,10.6
1,761,S,3_Mid-Day,18,20.0
1,761,S,4_PM_Peak,13,18.5
1,761,S,5_Night,3,100.0
1,762,N,1_Early_AM,1,360.0
1,762,N,2_AM_Peak,9,20.0
1,762,N,3_Mid-Day,12,30.0
1,762,N,4_PM_Peak,9,26.7
1,762,N,5_Night,2,150.0
1,762,S,1_Early_AM,1,360.0
1,762,S,2_AM_Peak,7,25.7
1,762,S,3_Mid-Day,12,30.0
1,762,S,4_PM_Peak,9,26.7
1,762,S,5_Night,3,100.0
1,770,E,1_Early_AM,2,180.0
1,770,E,2_AM_Peak,11,16.4
1,770,E,3_Mid-Day,24,15.0
1,770,E,4_PM_Peak,19,12.6
1,770,E,5_Night,4,75.0
1,770,W,1_Early_AM,2,180.0
1,770,W,2_AM_Peak,14,12.9
1,770,W,3_Mid-Day,24,15.0
1,770,W,4_PM_Peak,15,16.0
1,770,W,5_Night,4,75.0
1,780,E,2_AM_Peak,16,11.3
1,780,E,3_Mid-Day,14,25.7
1,780,E,4_PM_Peak,18,13.3
1,780,E,5_Night,4,75.0
1,780,W,1_Early_AM,1,360.0
1,780,W,2_AM_Peak,14,12.9
1,780,W,3_Mid-Day,16,22.5
1,780,W,4_PM_Peak,18,13.3
1,780,W,5_Night,1,300.0
1,794,N,1_Early_AM,2,180.0
1,794,N,2_AM_Peak,9,20.0
1,794,N,3_Mid-Day,12,30.0
1,794,N,4_PM_Peak,10,24.0
1,794,N,5_Night,3,100.0
1,794,S,1_Early_AM,1,360.0
1,794,S,2_AM_Peak,9,20.0
1,794,S,3_Mid-Day,12,30.0
1,794,S,4_PM_Peak,11,21.8
1,794,S,5_Night,2,150.0
1,901,E,1_Early_AM,18,20.0
1,901,E,2_AM_Peak,51,3.5
1,901,E,3_Mid-Day,50,7.2
1,901,E,4_PM_Peak,61,3.9
1,901,E,5_Night,20,15.0
1,901,W,1_Early_AM,10,36.0
1,901,W,2_AM_Peak,48,3.8
1,901,W,3_Mid-Day,54,6.7
1,901,W,4_PM_Peak,59,4.1
1,901,W,5_Night,29,10.3
1,910,N,1_Early_AM,4,90.0
1,910,N,2_AM_Peak,31,5.8
1,910,N,3_Mid-Day,29,12.4
1,910,N,4_PM_Peak,45,5.3
1,910,N,5_Night,13,23.1
1,910,S,1_Early_AM,10,36.0
1,910,S,2_AM_Peak,36,5.0
1,910,S,3_Mid-Day,30,12.0
1,910,S,4_PM_Peak,28,8.6
1,910,S,5_Night,10,30.0
2,2,E,1_Early_AM,6,60.0
2,2,E,2_AM_Peak,11,16.4
2,2,E,3_Mid-Day,27,13.3
2,2,E,4_PM_Peak,17,14.1
2,2,E,5_Night,20,15.0
2,2,W,1_Early_AM,9,40.0
2,2,W,2_AM_Peak,12,15.0
2,2,W,3_Mid-Day,28,12.9
2,2,W,4_PM_Peak,17,14.1
2,2,W,5_Night,17,17.6
2,4,E,1_Early_AM,18,20.0
2,4,E,2_AM_Peak,11,16.4
2,4,E,3_Mid-Day,25,14.4
2,4,E,4_PM_Peak,21,11.4
2,4,E,5_Night,26,11.5
2,4,W,1_Early_AM,15,24.0
2,4,W,2_AM_Peak,11,16.4
2,4,W,3_Mid-Day,29,12.4
2,4,W,4_PM_Peak,19,12.6
2,4,W,5_Night,20,15.0
2,10,E,1_Early_AM,7,51.4
2,10,E,2_AM_Peak,9,20.0
2,10,E,3_Mid-Day,18,20.0
2,10,E,4_PM_Peak,12,20.0
2,10,E,5_Night,8,37.5
2,10,W,1_Early_AM,7,51.4
2,10,W,2_AM_Peak,8,22.5
2,10,W,3_Mid-Day,18,20.0
2,10,W,4_PM_Peak,12,20.0
2,10,W,5_Night,7,42.9
2,14,N,1_Early_AM,6,60.0
2,14,N,2_AM_Peak,11,16.4
2,14,N,3_Mid-Day,24,15.0
2,14,N,4_PM_Peak,12,20.0
2,14,N,5_Night,6,50.0
2,14,S,1_Early_AM,7,51.4
2,14,S,2_AM_Peak,8,22.5
2,14,S,3_Mid-Day,19,18.9
2,14,S,4_PM_Peak,15,16.0
2,14,S,5_Night,7,42.9
2,16,E,1_Early_AM,7,51.4
2,16,E,2_AM_Peak,22,8.2
2,16,E,3_Mid-Day,41,8.8
2,16,E,4_PM_Peak,38,6.3
2,16,E,5_Night,23,13.0
2,16,W,1_Early_AM,6,60.0
2,16,W,2_AM_Peak,18,10.0
2,16,W,3_Mid-Day,51,7.1
2,16,W,4_PM_Peak,31,7.7
2,16,W,5_Night,14,21.4
2,18,E,1_Early_AM,9,40.0
2,18,E,2_AM_Peak,25,7.2
2,18,E,3_Mid-Day,33,10.9
2,18,E,4_PM_Peak,21,11.4
2,18,E,5_Night,12,25.0
2,18,W,1_Early_AM,7,51.4
2,18,W,2_AM_Peak,9,20.0
2,18,W,3_Mid-Day,40,9.0
2,18,W,4_PM_Peak,33,7.3
2,18,W,5_Night,14,21.4
2,20,E,1_Early_AM,12,30.0
2,20,E,2_AM_Peak,8,22.5
2,20,E,3_Mid-Day,23,15.7
2,20,E,4_PM_Peak,16,15.0
2,20,E,5_Night,11,27.3
2,20,W,1_Early_AM,12,30.0
2,20,W,2_AM_Peak,10,18.0
2,20,W,3_Mid-Day,24,15.0
2,20,W,4_PM_Peak,15,16.0
2,20,W,5_Night,12,25.0
2,28,E,1_Early_AM,12,30.0
2,28,E,2_AM_Peak,13,13.8
2,28,E,3_Mid-Day,30,12.0
2,28,E,4_PM_Peak,21,11.4
2,28,E,5_Night,13,23.1
2,28,W,1_Early_AM,10,36.0
2,28,W,2_AM_Peak,14,12.9
2,28,W,3_Mid-Day,32,11.3
2,28,W,4_PM_Peak,23,10.4
2,28,W,5_Night,10,30.0
2,30,E,1_Early_AM,8,45.0
2,30,E,2_AM_Peak,21,8.6
2,30,E,3_Mid-Day,39,9.2
2,30,E,4_PM_Peak,21,11.4
2,30,E,5_Night,12,25.0
2,30,W,1_Early_AM,8,45.0
2,30,W,2_AM_Peak,11,16.4
2,30,W,3_Mid-Day,39,9.2
2,30,W,4_PM_Peak,27,8.9
2,30,W,5_Night,13,23.1
2,33,E,1_Early_AM,10,36.0
2,33,E,2_AM_Peak,7,25.7
2,33,E,3_Mid-Day,18,20.0
2,33,E,4_PM_Peak,17,14.1
2,33,E,5_Night,16,18.8
2,33,W,1_Early_AM,8,45.0
2,33,W,2_AM_Peak,8,22.5
2,33,W,3_Mid-Day,20,18.0
2,33,W,4_PM_Peak,13,18.5
2,33,W,5_Night,10,30.0
2,35,E,1_Early_AM,7,51.4
2,35,E,2_AM_Peak,12,15.0
2,35,E,3_Mid-Day,24,15.0
2,35,E,4_PM_Peak,16,15.0
2,35,E,5_Night,18,16.7
2,35,W,1_Early_AM,3,120.0
2,35,W,2_AM_Peak,11,16.4
2,35,W,3_Mid-Day,24,15.0
2,35,W,4_PM_Peak,16,15.0
2,35,W,5_Night,18,16.7
2,40,N,1_Early_AM,8,45.0
2,40,N,2_AM_Peak,13,13.8
2,40,N,3_Mid-Day,24,15.0
2,40,N,4_PM_Peak,15,16.0
2,40,N,5_Night,12,25.0
2,40,S,1_Early_AM,9,40.0
2,40,S,2_AM_Peak,11,16.4
2,40,S,3_Mid-Day,25,14.4
2,40,S,4_PM_Peak,16,15.0
2,40,S,5_Night,12,25.0
2,45,N,1_Early_AM,9,40.0
2,45,N,2_AM_Peak,17,10.6
2,45,N,3_Mid-Day,37,9.7
2,45,N,4_PM_Peak,17,14.1
2,45,N,5_Night,8,37.5
2,45,S,1_Early_AM,7,51.4
2,45,S,2_AM_Peak,13,13.8
2,45,S,3_Mid-Day,32,11.3
2,45,S,4_PM_Peak,26,9.2
2,45,S,5_Night,12,25.0
2,51,N,1_Early_AM,8,45.0
2,51,N,2_AM_Peak,23,7.8
2,51,N,3_Mid-Day,55,6.5
2,51,N,4_PM_Peak,26,9.2
2,51,N,5_Night,11,27.3
2,51,S,1_Early_AM,8,45.0
2,51,S,2_AM_Peak,25,7.2
2,51,S,3_Mid-Day,47,7.7
2,51,S,4_PM_Peak,32,7.5
2,51,S,5_Night,13,23.1
2,53,N,1_Early_AM,4,90.0
2,53,N,2_AM_Peak,14,12.9
2,53,N,3_Mid-Day,26,13.8
2,53,N,4_PM_Peak,11,21.8
2,53,N,5_Night,7,42.9
2,53,S,1_Early_AM,2,180.0
2,53,S,2_AM_Peak,9,20.0
2,53,S,3_Mid-Day,22,16.4
2,53,S,4_PM_Peak,18,13.3
2,53,S,5_Night,10,30.0
2,55,N,1_Early_AM,11,32.7
2,55,N,2_AM_Peak,13,13.8
2,55,N,3_Mid-Day,21,17.1
2,55,N,4_PM_Peak,9,26.7
2,55,N,5_Night,7,42.9
2,55,S,1_Early_AM,11,32.7
2,55,S,2_AM_Peak,4,45.0
2,55,S,3_Mid-Day,20,18.0
2,55,S,4_PM_Peak,13,18.5
2,55,S,5_Night,10,30.0
2,60,N,1_Early_AM,9,40.0
2,60,N,2_AM_Peak,13,13.8
2,60,N,3_Mid-Day,33,10.9
2,60,N,4_PM_Peak,18,13.3
2,60,N,5_Night,10,30.0
2,60,S,1_Early_AM,8,45.0
2,60,S,2_AM_Peak,13,13.8
2,60,S,3_Mid-Day,29,12.4
2,60,S,4_PM_Peak,24,10.0
2,60,S,5_Night,13,23.1
2,62,E,1_Early_AM,1,360.0
2,62,E,2_AM_Peak,3,60.0
2,62,E,3_Mid-Day,9,40.0
2,62,E,4_PM_Peak,4,60.0
2,62,E,5_Night,4,75.0
2,62,W,1_Early_AM,2,180.0
2,62,W,2_AM_Peak,3,60.0
2,62,W,3_Mid-Day,9,40.0
2,62,W,4_PM_Peak,6,40.0
2,62,W,5_Night,6,50.0
2,66,E,1_Early_AM,6,60.0
2,66,E,2_AM_Peak,27,6.7
2,66,E,3_Mid-Day,26,13.8
2,66,E,4_PM_Peak,15,16.0
2,66,E,5_Night,7,42.9
2,66,W,1_Early_AM,3,120.0
2,66,W,2_AM_Peak,13,13.8
2,66,W,3_Mid-Day,36,10.0
2,66,W,4_PM_Peak,19,12.6
2,66,W,5_Night,8,37.5
2,68,E,1_Early_AM,3,120.0
2,68,E,2_AM_Peak,8,22.5
2,68,E,3_Mid-Day,16,22.5
2,68,E,4_PM_Peak,12,20.0
2,68,E,5_Night,10,30.0
2,68,W,1_Early_AM,4,90.0
2,68,W,2_AM_Peak,8,22.5
2,68,W,3_Mid-Day,16,22.5
2,68,W,4_PM_Peak,12,20.0
2,68,W,5_Night,8,37.5
2,70,E,1_Early_AM,6,60.0
2,70,E,2_AM_Peak,11,16.4
2,70,E,3_Mid-Day,23,15.7
2,70,E,4_PM_Peak,15,16.0
2,70,E,5_Night,11,27.3
2,70,W,1_Early_AM,6,60.0
2,70,W,2_AM_Peak,11,16.4
2,70,W,3_Mid-Day,23,15.7
2,70,W,4_PM_Peak,14,17.1
2,70,W,5_Night,8,37.5
2,71,E,1_Early_AM,1,360.0
2,71,E,2_AM_Peak,3,60.0
2,71,E,3_Mid-Day,6,60.0
2,71,E,4_PM_Peak,4,60.0
2,71,E,5_Night,2,150.0
2,71,W,2_AM_Peak,3,60.0
2,71,W,3_Mid-Day,6,60.0
2,71,W,4_PM_Peak,4,60.0
2,71,W,5_Night,2,150.0
2,76,E,1_Early_AM,6,60.0
2,76,E,2_AM_Peak,8,22.5
2,76,E,3_Mid-Day,19,18.9
2,76,E,4_PM_Peak,15,16.0
2,76,E,5_Night,8,37.5
2,76,W,1_Early_AM,6,60.0
2,76,W,2_AM_Peak,10,18.0
2,76,W,3_Mid-Day,21,17.1
2,76,W,4_PM_Peak,13,18.5
2,76,W,5_Night,7,42.9
2,78,E,1_Early_AM,3,120.0
2,78,E,2_AM_Peak,8,22.5
2,78,E,3_Mid-Day,23,15.7
2,78,E,4_PM_Peak,17,14.1
2,78,E,5_Night,14,21.4
2,78,W,1_Early_AM,5,72.0
2,78,W,2_AM_Peak,12,15.0
2,78,W,3_Mid-Day,23,15.7
2,78,W,4_PM_Peak,18,13.3
2,78,W,5_Night,12,25.0
2,81,N,1_Early_AM,3,120.0
2,81,N,2_AM_Peak,9,20.0
2,81,N,3_Mid-Day,23,15.7
2,81,N,4_PM_Peak,13,18.5
2,81,N,5_Night,8,37.5
2,81,S,1_Early_AM,4,90.0
2,81,S,2_AM_Peak,8,22.5
2,81,S,3_Mid-Day,23,15.7
2,81,S,4_PM_Peak,15,16.0
2,81,S,5_Night,8,37.5
2,83,N,1_Early_AM,6,60.0
2,83,N,2_AM_Peak,5,36.0
2,83,N,3_Mid-Day,9,40.0
2,83,N,4_PM_Peak,6,40.0
2,83,N,5_Night,6,50.0
2,83,S,1_Early_AM,8,45.0
2,83,S,2_AM_Peak,4,45.0
2,83,S,3_Mid-Day,9,40.0
2,83,S,4_PM_Peak,6,40.0
2,83,S,5_Night,6,50.0
2,90,N,1_Early_AM,2,180.0
2,90,N,2_AM_Peak,7,25.7
2,90,N,3_Mid-Day,11,32.7
2,90,N,4_PM_Peak,8,30.0
2,90,N,5_Night,4,75.0
2,90,S,1_Early_AM,2,180.0
2,90,S,2_AM_Peak,6,30.0
2,90,S,3_Mid-Day,12,30.0
2,90,S,4_PM_Peak,8,30.0
2,90,S,5_Night,6,50.0
2,92,N,1_Early_AM,6,60.0
2,92,N,2_AM_Peak,6,30.0
2,92,N,3_Mid-Day,14,25.7
2,92,N,4_PM_Peak,8,30.0
2,92,N,5_Night,5,60.0
2,92,S,1_Early_AM,7,51.4
2,92,S,2_AM_Peak,6,30.0
2,92,S,3_Mid-Day,13,27.7
2,92,S,4_PM_Peak,8,30.0
2,92,S,5_Night,5,60.0
2,94,N,1_Early_AM,3,120.0
2,94,N,2_AM_Peak,8,22.5
2,94,N,3_Mid-Day,18,20.0
2,94,N,4_PM_Peak,12,20.0
2,94,N,5_Night,8,37.5
2,94,S,1_Early_AM,4,90.0
2,94,S,2_AM_Peak,8,22.5
2,94,S,3_Mid-Day,18,20.0
2,94,S,4_PM_Peak,11,21.8
2,94,S,5_Night,6,50.0
2,96,N,2_AM_Peak,4,45.0
2,96,N,3_Mid-Day,6,60.0
2,96,N,4_PM_Peak,5,48.0
2,96,N,5_Night,2,150.0
2,96,S,2_AM_Peak,4,45.0
2,96,S,3_Mid-Day,7,51.4
2,96,S,4_PM_Peak,4,60.0
2,96,S,5_Night,3,100.0
2,102,E,1_Early_AM,2,180.0
2,102,E,2_AM_Peak,5,36.0
2,102,E,3_Mid-Day,7,51.4
2,102,E,4_PM_Peak,7,34.3
2,102,E,5_Night,5,60.0
2,102,W,1_Early_AM,1,360.0
2,102,W,2_AM_Peak,5,36.0
2,102,W,3_Mid-Day,7,51.4
2,102,W,4_PM_Peak,8,30.0
2,102,W,5_Night,6,50.0
2,105,N,1_Early_AM,7,51.4
2,105,N,2_AM_Peak,10,18.0
2,105,N,3_Mid-Day,26,13.8
2,105,N,4_PM_Peak,16,15.0
2,105,N,5_Night,9,33.3
2,105,S,1_Early_AM,6,60.0
2,105,S,2_AM_Peak,11,16.4
2,105,S,3_Mid-Day,25,14.4
2,105,S,4_PM_Peak,18,13.3
2,105,S,5_Night,10,30.0
2,108,E,1_Early_AM,3,120.0
2,108,E,2_AM_Peak,9,20.0
2,108,E,3_Mid-Day,22,16.4
2,108,E,4_PM_Peak,15,16.0
2,108,E,5_Night,7,42.9
2,108,W,1_Early_AM,3,120.0
2,108,W,2_AM_Peak,10,18.0
2,108,W,3_Mid-Day,24,15.0
2,108,W,4_PM_Peak,16,15.0
2,108,W,5_Night,5,60.0
2,110,E,1_Early_AM,1,360.0
2,110,E,2_AM_Peak,7,25.7
2,110,E,3_Mid-Day,14,25.7
2,110,E,4_PM_Peak,11,21.8
2,110,E,5_Night,6,50.0
2,110,W,1_Early_AM,1,360.0
2,110,W,2_AM_Peak,6,30.0
2,110,W,3_Mid-Day,15,24.0
2,110,W,4_PM_Peak,10,24.0
2,110,W,5_Night,6,50.0
2,111,E,1_Early_AM,8,45.0
2,111,E,2_AM_Peak,11,16.4
2,111,E,3_Mid-Day,24,15.0
2,111,E,4_PM_Peak,16,15.0
2,111,E,5_Night,10,30.0
2,111,W,1_Early_AM,10,36.0
2,111,W,2_AM_Peak,11,16.4
2,111,W,3_Mid-Day,24,15.0
2,111,W,4_PM_Peak,16,15.0
2,111,W,5_Night,11,27.3
2,115,E,1_Early_AM,1,360.0
2,115,E,2_AM_Peak,8,22.5
2,115,E,3_Mid-Day,21,17.1
2,115,E,4_PM_Peak,14,17.1
2,115,E,5_Night,8,37.5
2,115,W,1_Early_AM,1,360.0
2,115,W,2_AM_Peak,9,20.0
2,115,W,3_Mid-Day,20,18.0
2,115,W,4_PM_Peak,11,21.8
2,115,W,5_Night,7,42.9
2,117,E,1_Early_AM,2,180.0
2,117,E,2_AM_Peak,6,30.0
2,117,E,3_Mid-Day,15,24.0
2,117,E,4_PM_Peak,11,21.8
2,117,E,5_Night,7,42.9
2,117,W,1_Early_AM,5,72.0
2,117,W,2_AM_Peak,7,25.7
2,117,W,3_Mid-Day,15,24.0
2,117,W,4_PM_Peak,11,21.8
2,117,W,5_Night,6,50.0
2,120,E,1_Early_AM,1,360.0
2,120,E,2_AM_Peak,3,60.0
2,120,E,3_Mid-Day,6,60.0
2,120,E,4_PM_Peak,4,60.0
2,120,E,5_Night,6,50.0
2,120,W,1_Early_AM,1,360.0
2,120,W,2_AM_Peak,3,60.0
2,120,W,3_Mid-Day,6,60.0
2,120,W,4_PM_Peak,4,60.0
2,120,W,5_Night,4,75.0
2,125,E,1_Early_AM,1,360.0
2,125,E,2_AM_Peak,5,36.0
2,125,E,3_Mid-Day,12,30.0
2,125,E,4_PM_Peak,8,30.0
2,125,E,5_Night,2,150.0
2,125,W,1_Early_AM,1,360.0
2,125,W,2_AM_Peak,4,45.0
2,125,W,3_Mid-Day,13,27.7
2,125,W,4_PM_Peak,8,30.0
2,125,W,5_Night,2,150.0
2,130,E,2_AM_Peak,3,60.0
2,130,E,3_Mid-Day,6,60.0
2,130,E,4_PM_Peak,4,60.0
2,130,E,5_Night,2,150.0
2,130,W,2_AM_Peak,2,90.0
2,130,W,3_Mid-Day,6,60.0
2,130,W,4_PM_Peak,4,60.0
2,130,W,5_Night,3,100.0
2,150,E,1_Early_AM,9,40.0
2,150,E,2_AM_Peak,10,18.0
2,150,E,3_Mid-Day,33,10.9
2,150,E,4_PM_Peak,21,11.4
2,150,E,5_Night,15,20.0
2,150,W,1_Early_AM,9,40.0
2,150,W,2_AM_Peak,15,12.0
2,150,W,3_Mid-Day,32,11.3
2,150,W,4_PM_Peak,23,10.4
2,150,W,5_Night,15,20.0
2,152,E,1_Early_AM,2,180.0
2,152,E,2_AM_Peak,6,30.0
2,152,E,3_Mid-Day,14,25.7
2,152,E,4_PM_Peak,8,30.0
2,152,E,5_Night,6,50.0
2,152,W,1_Early_AM,1,360.0
2,152,W,2_AM_Peak,7,25.7
2,152,W,3_Mid-Day,14,25.7
2,152,W,4_PM_Peak,9,26.7
2,152,W,5_Night,6,50.0
2,155,E,1_Early_AM,2,180.0
2,155,E,2_AM_Peak,3,60.0
2,155,E,3_Mid-Day,7,51.4
2,155,E,4_PM_Peak,4,60.0
2,155,E,5_Night,2,150.0
2,155,W,2_AM_Peak,2,90.0
2,155,W,3_Mid-Day,7,51.4
2,155,W,4_PM_Peak,4,60.0
2,155,W,5_Night,4,75.0
2,156,N,1_Early_AM,6,60.0
2,156,N,2_AM_Peak,4,45.0
2,156,N,3_Mid-Day,8,45.0
2,156,N,4_PM_Peak,4,60.0
2,156,N,5_Night,5,60.0
2,156,S,1_Early_AM,6,60.0
2,156,S,2_AM_Peak,4,45.0
2,156,S,3_Mid-Day,7,51.4
2,156,S,4_PM_Peak,5,48.0
2,156,S,5_Night,5,60.0
2,158,E,2_AM_Peak,3,60.0
2,158,E,3_Mid-Day,5,72.0
2,158,E,4_PM_Peak,4,60.0
2,158,E,5_Night,2,150.0
2,158,W,1_Early_AM,1,360.0
2,158,W,2_AM_Peak,3,60.0
2,158,W,3_Mid-Day,6,60.0
2,158,W,4_PM_Peak,4,60.0
2,158,W,5_Night,2,150.0
2,161,E,2_AM_Peak,2,90.0
2,161,E,3_Mid-Day,6,60.0
2,161,E,4_PM_Peak,4,60.0
2,161,E,5_Night,1,300.0
2,161,W,2_AM_Peak,4,45.0
2,161,W,3_Mid-Day,6,60.0
2,161,W,4_PM_Peak,4,60.0
2,161,W,5_Night,1,300.0
2,163,E,1_Early_AM,2,180.0
2,163,E,2_AM_Peak,6,30.0
2,163,E,3_Mid-Day,14,25.7
2,163,E,4_PM_Peak,8,30.0
2,163,E,5_Night,5,60.0
2,163,W,1_Early_AM,2,180.0
2,163,W,2_AM_Peak,7,25.7
2,163,W,3_Mid-Day,13,27.7
2,163,W,4_PM_Peak,9,26.7
2,163,W,5_Night,7,42.9
2,164,E,2_AM_Peak,6,30.0
2,164,E,3_Mid-Day,12,30.0
2,164,E,4_PM_Peak,8,30.0
2,164,E,5_Night,6,50.0
2,164,W,1_Early_AM,1,360.0
2,164,W,2_AM_Peak,6,30.0
2,164,W,3_Mid-Day,12,30.0
2,164,W,4_PM_Peak,8,30.0
2,164,W,5_Night,6,50.0
2,165,E,1_Early_AM,1,360.0
2,165,E,2_AM_Peak,4,45.0
2,165,E,3_Mid-Day,11,32.7
2,165,E,4_PM_Peak,8,30.0
2,165,E,5_Night,3,100.0
2,165,W,1_Early_AM,1,360.0
2,165,W,2_AM_Peak,4,45.0
2,165,W,3_Mid-Day,11,32.7
2,165,W,4_PM_Peak,8,30.0
2,165,W,5_Night,4,75.0
2,166,E,1_Early_AM,1,360.0
2,166,E,2_AM_Peak,5,36.0
2,166,E,3_Mid-Day,12,30.0
2,166,E,4_PM_Peak,8,30.0
2,166,E,5_Night,5,60.0
2,166,W,1_Early_AM,1,360.0
2,166,W,2_AM_Peak,4,45.0
2,166,W,3_Mid-Day,12,30.0
2,166,W,4_PM_Peak,7,34.3
2,166,W,5_Night,4,75.0
2,167,E,1_Early_AM,1,360.0
2,167,E,2_AM_Peak,4,45.0
2,167,E,3_Mid-Day,7,51.4
2,167,E,4_PM_Peak,4,60.0
2,167,E,5_Night,5,60.0
2,167,W,2_AM_Peak,4,45.0
2,167,W,3_Mid-Day,7,51.4
2,167,W,4_PM_Peak,5,48.0
2,167,W,5_Night,4,75.0
2,180,E,1_Early_AM,7,51.4
2,180,E,2_AM_Peak,10,18.0
2,180,E,3_Mid-Day,30,12.0
2,180,E,4_PM_Peak,18,13.3
2,180,E,5_Night,12,25.0
2,180,W,1_Early_AM,8,45.0
2,180,W,2_AM_Peak,9,20.0
2,180,W,3_Mid-Day,29,12.4
2,180,W,4_PM_Peak,20,12.0
2,180,W,5_Night,13,23.1
2,183,E,2_AM_Peak,2,90.0
2,183,E,3_Mid-Day,6,60.0
2,183,E,4_PM_Peak,4,60.0
2,183,E,5_Night,2,150.0
2,183,W,2_AM_Peak,2,90.0
2,183,W,3_Mid-Day,6,60.0
2,183,W,4_PM_Peak,4,60.0
2,183,W,5_Night,3,100.0
2,190,E,1_Early_AM,5,72.0
2,190,E,2_AM_Peak,10,18.0
2,190,E,3_Mid-Day,24,15.0
2,190,E,4_PM_Peak,18,13.3
2,190,E,5_Night,12,25.0
2,190,W,1_Early_AM,3,120.0
2,190,W,2_AM_Peak,14,12.9
2,190,W,3_Mid-Day,25,14.4
2,190,W,4_PM_Peak,14,17.1
2,190,W,5_Night,10,30.0
2,200,N,1_Early_AM,6,60.0
2,200,N,2_AM_Peak,12,15.0
2,200,N,3_Mid-Day,35,10.3
2,200,N,4_PM_Peak,22,10.9
2,200,N,5_Night,10,30.0
2,200,S,1_Early_AM,4,90.0
2,200,S,2_AM_Peak,14,12.9
2,200,S,3_Mid-Day,33,10.9
2,200,S,4_PM_Peak,23,10.4
2,200,S,5_Night,11,27.3
2,201,N,2_AM_Peak,2,90.0
2,201,N,3_Mid-Day,6,60.0
2,201,N,4_PM_Peak,4,60.0
2,201,N,5_Night,1,300.0
2,201,S,2_AM_Peak,2,90.0
2,201,S,3_Mid-Day,6,60.0
2,201,S,4_PM_Peak,4,60.0
2,201,S,5_Night,1,300.0
2,204,N,1_Early_AM,13,27.7
2,204,N,2_AM_Peak,9,20.0
2,204,N,3_Mid-Day,20,18.0
2,204,N,4_PM_Peak,14,17.1
2,204,N,5_Night,11,27.3
2,204,S,1_Early_AM,12,30.0
2,204,S,2_AM_Peak,7,25.7
2,204,S,3_Mid-Day,20,18.0
2,204,S,4_PM_Peak,17,14.1
2,204,S,5_Night,15,20.0
2,205,N,1_Early_AM,2,180.0
2,205,N,2_AM_Peak,4,45.0
2,205,N,3_Mid-Day,6,60.0
2,205,N,4_PM_Peak,4,60.0
2,205,N,5_Night,4,75.0
2,205,S,1_Early_AM,1,360.0
2,205,S,2_AM_Peak,3,60.0
2,205,S,3_Mid-Day,7,51.4
2,205,S,4_PM_Peak,4,60.0
2,205,S,5_Night,5,60.0
2,206,N,1_Early_AM,3,120.0
2,206,N,2_AM_Peak,8,22.5
2,206,N,3_Mid-Day,17,21.2
2,206,N,4_PM_Peak,11,21.8
2,206,N,5_Night,6,50.0
2,206,S,1_Early_AM,3,120.0
2,206,S,2_AM_Peak,8,22.5
2,206,S,3_Mid-Day,17,21.2
2,206,S,4_PM_Peak,12,20.0
2,206,S,5_Night,8,37.5
2,207,N,1_Early_AM,10,36.0
2,207,N,2_AM_Peak,15,12.0
2,207,N,3_Mid-Day,31,11.6
2,207,N,4_PM_Peak,21,11.4
2,207,N,5_Night,15,20.0
2,207,S,1_Early_AM,9,40.0
2,207,S,2_AM_Peak,11,16.4
2,207,S,3_Mid-Day,30,12.0
2,207,S,4_PM_Peak,24,10.0
2,207,S,5_Night,18,16.7
2,210,N,1_Early_AM,4,90.0
2,210,N,2_AM_Peak,7,25.7
2,210,N,3_Mid-Day,23,15.7
2,210,N,4_PM_Peak,13,18.5
2,210,N,5_Night,10,30.0
2,210,S,1_Early_AM,5,72.0
2,210,S,2_AM_Peak,8,22.5
2,210,S,3_Mid-Day,22,16.4
2,210,S,4_PM_Peak,14,17.1
2,210,S,5_Night,10,30.0
2,212,N,1_Early_AM,3,120.0
2,212,N,2_AM_Peak,9,20.0
2,212,N,3_Mid-Day,24,15.0
2,212,N,4_PM_Peak,13,18.5
2,212,N,5_Night,9,33.3
2,212,S,1_Early_AM,3,120.0
2,212,S,2_AM_Peak,6,30.0
2,212,S,3_Mid-Day,19,18.9
2,212,S,4_PM_Peak,20,12.0
2,212,S,5_Night,12,25.0
2,217,N,1_Early_AM,7,51.4
2,217,N,2_AM_Peak,6,30.0
2,217,N,3_Mid-Day,24,15.0
2,217,N,4_PM_Peak,20,12.0
2,217,N,5_Night,13,23.1
2,217,S,1_Early_AM,6,60.0
2,217,S,2_AM_Peak,9,20.0
2,217,S,3_Mid-Day,24,15.0
2,217,S,4_PM_Peak,19,12.6
2,217,S,5_Night,15,20.0
2,218,N,2_AM_Peak,3,60.0
2,218,N,3_Mid-Day,10,36.0
2,218,N,4_PM_Peak,6,40.0
2,218,N,5_Night,2,150.0
2,218,S,2_AM_Peak,4,45.0
2,218,S,3_Mid-Day,10,36.0
2,218,S,4_PM_Peak,7,34.3
2,222,N,1_Early_AM,1,360.0
2,222,N,2_AM_Peak,4,45.0
2,222,N,3_Mid-Day,5,72.0
2,222,N,4_PM_Peak,4,60.0
2,222,N,5_Night,6,50.0
2,222,S,1_Early_AM,1,360.0
2,222,S,2_AM_Peak,3,60.0
2,222,S,3_Mid-Day,6,60.0
2,222,S,4_PM_Peak,4,60.0
2,222,S,5_Night,5,60.0
2,224,N,1_Early_AM,4,90.0
2,224,N,2_AM_Peak,8,22.5
2,224,N,3_Mid-Day,14,25.7
2,224,N,4_PM_Peak,11,21.8
2,224,N,5_Night,14,21.4
2,224,S,1_Early_AM,5,72.0
2,224,S,2_AM_Peak,8,22.5
2,224,S,3_Mid-Day,14,25.7
2,224,S,4_PM_Peak,10,24.0
2,224,S,5_Night,13,23.1
2,230,N,1_Early_AM,1,360.0
2,230,N,2_AM_Peak,5,36.0
2,230,N,3_Mid-Day,10,36.0
2,230,N,4_PM_Peak,7,34.3
2,230,N,5_Night,5,60.0
2,230,S,1_Early_AM,1,360.0
2,230,S,2_AM_Peak,5,36.0
2,230,S,3_Mid-Day,10,36.0
2,230,S,4_PM_Peak,7,34.3
2,230,S,5_Night,4,75.0
2,232,N,1_Early_AM,2,180.0
2,232,N,2_AM_Peak,7,25.7
2,232,N,3_Mid-Day,12,30.0
2,232,N,4_PM_Peak,7,34.3
2,232,N,5_Night,5,60.0
2,232,S,1_Early_AM,2,180.0
2,232,S,2_AM_Peak,6,30.0
2,232,S,3_Mid-Day,12,30.0
2,232,S,4_PM_Peak,8,30.0
2,232,S,5_Night,6,50.0
2,233,N,1_Early_AM,3,120.0
2,233,N,2_AM_Peak,10,18.0
2,233,N,3_Mid-Day,22,16.4
2,233,N,4_PM_Peak,15,16.0
2,233,N,5_Night,10,30.0
2,233,S,1_Early_AM,4,90.0
2,233,S,2_AM_Peak,12,15.0
2,233,S,3_Mid-Day,23,15.7
2,233,S,4_PM_Peak,13,18.5
2,233,S,5_Night,10,30.0
2,234,N,2_AM_Peak,4,45.0
2,234,N,3_Mid-Day,11,32.7
2,234,N,4_PM_Peak,7,34.3
2,234,N,5_Night,8,37.5
2,234,S,1_Early_AM,1,360.0
2,234,S,2_AM_Peak,5,36.0
2,234,S,3_Mid-Day,11,32.7
2,234,S,4_PM_Peak,7,34.3
2,234,S,5_Night,6,50.0
2,236,E,2_AM_Peak,2,90.0
2,236,E,3_Mid-Day,6,60.0
2,236,E,4_PM_Peak,4,60.0
2,236,E,5_Night,1,300.0
2,236,W,2_AM_Peak,1,180.0
2,236,W,3_Mid-Day,6,60.0
2,236,W,4_PM_Peak,4,60.0
2,236,W,5_Night,1,300.0
2,243,E,2_AM_Peak,3,60.0
2,243,E,3_Mid-Day,6,60.0
2,243,E,4_PM_Peak,4,60.0
2,243,E,5_Night,1,300.0
2,243,W,2_AM_Peak,3,60.0
2,243,W,3_Mid-Day,6,60.0
2,243,W,4_PM_Peak,4,60.0
2,243,W,5_Night,1,300.0
2,245,E,1_Early_AM,1,360.0
2,245,E,2_AM_Peak,4,45.0
2,245,E,3_Mid-Day,7,51.4
2,245,E,4_PM_Peak,4,60.0
2,245,E,5_Night,1,300.0
2,245,W,1_Early_AM,2,180.0
2,245,W,2_AM_Peak,3,60.0
2,245,W,3_Mid-Day,7,51.4
2,245,W,4_PM_Peak,5,48.0
2,245,W,5_Night,3,100.0
2,246,N,1_Early_AM,4,90.0
2,246,N,2_AM_Peak,5,36.0
2,246,N,3_Mid-Day,9,40.0
2,246,N,4_PM_Peak,6,40.0
2,246,N,5_Night,6,50.0
2,246,S,1_Early_AM,5,72.0
2,246,S,2_AM_Peak,5,36.0
2,246,S,3_Mid-Day,9,40.0
2,246,S,4_PM_Peak,6,40.0
2,246,S,5_Night,7,42.9
2,251,N,1_Early_AM,9,40.0
2,251,N,2_AM_Peak,12,15.0
2,251,N,3_Mid-Day,29,12.4
2,251,N,4_PM_Peak,19,12.6
2,251,N,5_Night,7,42.9
2,251,S,1_Early_AM,8,45.0
2,251,S,2_AM_Peak,14,12.9
2,251,S,3_Mid-Day,30,12.0
2,251,S,4_PM_Peak,16,15.0
2,251,S,5_Night,7,42.9
2,252,N,2_AM_Peak,4,45.0
2,252,N,3_Mid-Day,9,40.0
2,252,N,4_PM_Peak,6,40.0
2,252,N,5_Night,3,100.0
2,252,S,1_Early_AM,1,360.0
2,252,S,2_AM_Peak,4,45.0
2,252,S,3_Mid-Day,9,40.0
2,252,S,4_PM_Peak,6,40.0
2,252,S,5_Night,2,150.0
2,254,N,1_Early_AM,1,360.0
2,254,N,2_AM_Peak,3,60.0
2,254,N,3_Mid-Day,6,60.0
2,254,N,4_PM_Peak,4,60.0
2,254,S,2_AM_Peak,3,60.0
2,254,S,3_Mid-Day,6,60.0
2,254,S,4_PM_Peak,4,60.0
2,254,S,5_Night,1,300.0
2,256,N,2_AM_Peak,4,45.0
2,256,N,3_Mid-Day,6,60.0
2,256,N,4_PM_Peak,4,60.0
2,256,N,5_Night,1,300.0
2,256,S,2_AM_Peak,4,45.0
2,256,S,3_Mid-Day,6,60.0
2,256,S,4_PM_Peak,4,60.0
2,256,S,5_Night,2,150.0
2,260,N,1_Early_AM,3,120.0
2,260,N,2_AM_Peak,7,25.7
2,260,N,3_Mid-Day,20,18.0
2,260,N,4_PM_Peak,12,20.0
2,260,N,5_Night,7,42.9
2,260,S,1_Early_AM,2,180.0
2,260,S,2_AM_Peak,9,20.0
2,260,S,3_Mid-Day,20,18.0
2,260,S,4_PM_Peak,13,18.5
2,260,S,5_Night,9,33.3
2,265,N,2_AM_Peak,2,90.0
2,265,N,3_Mid-Day,6,60.0
2,265,N,4_PM_Peak,5,48.0
2,265,N,5_Night,1,300.0
2,265,S,2_AM_Peak,1,180.0
2,265,S,3_Mid-Day,7,51.4
2,265,S,4_PM_Peak,4,60.0
2,265,S,5_Night,2,150.0
2,266,N,2_AM_Peak,5,36.0
2,266,N,3_Mid-Day,8,45.0
2,266,N,4_PM_Peak,6,40.0
2,266,N,5_Night,6,50.0
2,266,S,1_Early_AM,1,360.0
2,266,S,2_AM_Peak,5,36.0
2,266,S,3_Mid-Day,8,45.0
2,266,S,4_PM_Peak,5,48.0
2,266,S,5_Night,6,50.0
2,267,N,2_AM_Peak,5,36.0
2,267,N,3_Mid-Day,12,30.0
2,267,N,4_PM_Peak,8,30.0
2,267,N,5_Night,2,150.0
2,267,S,1_Early_AM,1,360.0
2,267,S,2_AM_Peak,5,36.0
2,267,S,3_Mid-Day,12,30.0
2,267,S,4_PM_Peak,8,30.0
2,267,S,5_Night,2,150.0
2,268,N,2_AM_Peak,2,90.0
2,268,N,3_Mid-Day,7,51.4
2,268,N,4_PM_Peak,5,48.0
2,268,N,5_Night,2,150.0
2,268,S,2_AM_Peak,3,60.0
2,268,S,3_Mid-Day,7,51.4
2,268,S,4_PM_Peak,5,48.0
2,268,S,5_Night,2,150.0
2,270,N,2_AM_Peak,4,45.0
2,270,N,3_Mid-Day,6,60.0
2,270,N,4_PM_Peak,4,60.0
2,270,N,5_Night,1,300.0
2,270,S,2_AM_Peak,3,60.0
2,270,S,3_Mid-Day,6,60.0
2,270,S,4_PM_Peak,4,60.0
2,270,S,5_Night,1,300.0
2,292,N,1_Early_AM,2,180.0
2,292,N,2_AM_Peak,5,36.0
2,292,N,3_Mid-Day,9,40.0
2,292,N,4_PM_Peak,6,40.0
2,292,N,5_Night,3,100.0
2,292,S,1_Early_AM,5,72.0
2,292,S,2_AM_Peak,4,45.0
2,292,S,3_Mid-Day,9,40.0
2,292,S,4_PM_Peak,6,40.0
2,292,S,5_Night,3,100.0
2,344,N,2_AM_Peak,4,45.0
2,344,N,3_Mid-Day,9,40.0
2,344,N,4_PM_Peak,6,40.0
2,344,N,5_Night,3,100.0
2,344,S,2_AM_Peak,5,36.0
2,344,S,3_Mid-Day,9,40.0
2,344,S,4_PM_Peak,6,40.0
2,344,S,5_Night,2,150.0
2,450,N,1_Early_AM,1,360.0
2,450,N,2_AM_Peak,4,45.0
2,450,N,3_Mid-Day,9,40.0
2,450,N,4_PM_Peak,6,40.0
2,450,N,5_Night,1,300.0
2,450,S,2_AM_Peak,4,45.0
2,450,S,3_Mid-Day,9,40.0
2,450,S,4_PM_Peak,6,40.0
2,450,S,5_Night,3,100.0
2,460,E,1_Early_AM,2,180.0
2,460,E,2_AM_Peak,7,25.7
2,460,E,3_Mid-Day,14,25.7
2,460,E,4_PM_Peak,9,26.7
2,460,E,5_Night,7,42.9
2,460,W,1_Early_AM,3,120.0
2,460,W,2_AM_Peak,5,36.0
2,460,W,3_Mid-Day,13,27.7
2,460,W,4_PM_Peak,8,30.0
2,460,W,5_Night,9,33.3
2,487,E,2_AM_Peak,3,60.0
2,487,E,3_Mid-Day,7,51.4
2,487,E,4_PM_Peak,4,60.0
2,487,E,5_Night,4,75.0
2,487,W,2_AM_Peak,3,60.0
2,487,W,3_Mid-Day,6,60.0
2,487,W,4_PM_Peak,5,48.0
2,487,W,5_Night,1,300.0
2,534,E,2_AM_Peak,4,45.0
2,534,E,3_Mid-Day,12,30.0
2,534,E,4_PM_Peak,7,34.3
2,534,E,5_Night,4,75.0
2,534,W,1_Early_AM,1,360.0
2,534,W,2_AM_Peak,9,20.0
2,534,W,3_Mid-Day,13,27.7
2,534,W,4_PM_Peak,6,40.0
2,534,W,5_Night,2,150.0
2,550,N,2_AM_Peak,3,60.0
2,550,N,3_Mid-Day,6,60.0
2,550,N,4_PM_Peak,4,60.0
2,550,N,5_Night,4,75.0
2,550,S,2_AM_Peak,2,90.0
2,550,S,3_Mid-Day,6,60.0
2,550,S,4_PM_Peak,4,60.0
2,550,S,5_Night,5,60.0
2,603,N,2_AM_Peak,10,18.0
2,603,N,3_Mid-Day,22,16.4
2,603,N,4_PM_Peak,15,16.0
2,603,N,5_Night,9,33.3
2,603,S,2_AM_Peak,7,25.7
2,603,S,3_Mid-Day,20,18.0
2,603,S,4_PM_Peak,16,15.0
2,603,S,5_Night,11,27.3
2,605,N,2_AM_Peak,6,30.0
2,605,N,3_Mid-Day,11,32.7
2,605,N,4_PM_Peak,7,34.3
2,605,N,5_Night,1,300.0
2,605,S,2_AM_Peak,6,30.0
2,605,S,3_Mid-Day,11,32.7
2,605,S,4_PM_Peak,7,34.3
2,605,S,5_Night,1,300.0
2,611,C,1_Early_AM,2,180.0
2,611,C,2_AM_Peak,3,60.0
2,611,C,3_Mid-Day,5,72.0
2,611,C,4_PM_Peak,4,60.0
2,611,C,5_Night,4,75.0
2,611,CC,1_Early_AM,1,360.0
2,611,CC,2_AM_Peak,3,60.0
2,611,CC,3_Mid-Day,6,60.0
2,611,CC,4_PM_Peak,4,60.0
2,611,CC,5_Night,4,75.0
2,612,C,1_Early_AM,1,360.0
2,612,C,2_AM_Peak,3,60.0
2,612,C,3_Mid-Day,6,60.0
2,612,C,4_PM_Peak,4,60.0
2,612,C,5_Night,5,60.0
2,612,CC,1_Early_AM,1,360.0
2,612,CC,2_AM_Peak,3,60.0
2,612,CC,3_Mid-Day,6,60.0
2,612,CC,4_PM_Peak,4,60.0
2,612,CC,5_Night,5,60.0
2,665,E,2_AM_Peak,3,60.0
2,665,E,3_Mid-Day,6,60.0
2,665,E,4_PM_Peak,4,60.0
2,665,E,5_Night,1,300.0
2,665,W,2_AM_Peak,3,60.0
2,665,W,3_Mid-Day,6,60.0
2,665,W,4_PM_Peak,4,60.0
2,665,W,5_Night,1,300.0
2,687,N,2_AM_Peak,6,30.0
2,687,N,3_Mid-Day,18,20.0
2,687,N,4_PM_Peak,11,21.8
2,687,N,5_Night,8,37.5
2,687,S,2_AM_Peak,7,25.7
2,687,S,3_Mid-Day,18,20.0
2,687,S,4_PM_Peak,11,21.8
2,687,S,5_Night,7,42.9
2,704,E,2_AM_Peak,6,30.0
2,704,E,3_Mid-Day,16,22.5
2,704,E,4_PM_Peak,13,18.5
2,704,E,5_Night,3,100.0
2,704,W,2_AM_Peak,7,25.7
2,704,W,3_Mid-Day,18,20.0
2,704,W,4_PM_Peak,11,21.8
2,704,W,5_Night,3,100.0
2,710,N,2_AM_Peak,7,25.7
2,710,N,3_Mid-Day,18,20.0
2,710,N,4_PM_Peak,12,20.0
2,710,N,5_Night,3,100.0
2,710,S,2_AM_Peak,8,22.5
2,710,S,3_Mid-Day,17,21.2
2,710,S,4_PM_Peak,12,20.0
2,710,S,5_Night,4,75.0
2,720,E,1_Early_AM,8,45.0
2,720,E,2_AM_Peak,11,16.4
2,720,E,3_Mid-Day,35,10.3
2,720,E,4_PM_Peak,34,7.1
2,720,E,5_Night,26,11.5
2,720,W,1_Early_AM,7,51.4
2,720,W,2_AM_Peak,31,5.8
2,720,W,3_Mid-Day,46,7.8
2,720,W,4_PM_Peak,25,9.6
2,720,W,5_Night,20,15.0
2,733,E,1_Early_AM,1,360.0
2,733,E,2_AM_Peak,9,20.0
2,733,E,3_Mid-Day,21,17.1
2,733,E,4_PM_Peak,19,12.6
2,733,E,5_Night,13,23.1
2,733,W,1_Early_AM,2,180.0
2,733,W,2_AM_Peak,11,16.4
2,733,W,3_Mid-Day,23,15.7
2,733,W,4_PM_Peak,13,18.5
2,733,W,5_Night,10,30.0
2,740,N,1_Early_AM,1,360.0
2,740,N,2_AM_Peak,9,20.0
2,740,N,3_Mid-Day,13,27.7
2,740,N,4_PM_Peak,12,20.0
2,740,N,5_Night,4,75.0
2,740,S,2_AM_Peak,8,22.5
2,740,S,3_Mid-Day,12,30.0
2,740,S,4_PM_Peak,12,20.0
2,740,S,5_Night,5,60.0
2,745,N,1_Early_AM,1,360.0
2,745,N,2_AM_Peak,14,12.9
2,745,N,3_Mid-Day,19,18.9
2,745,N,4_PM_Peak,13,18.5
2,745,N,5_Night,2,150.0
2,745,S,1_Early_AM,1,360.0
2,745,S,2_AM_Peak,9,20.0
2,745,S,3_Mid-Day,20,18.0
2,745,S,4_PM_Peak,13,18.5
2,745,S,5_Night,3,100.0
2,754,N,2_AM_Peak,12,15.0
2,754,N,3_Mid-Day,28,12.9
2,754,N,4_PM_Peak,17,14.1
2,754,N,5_Night,6,50.0
2,754,S,2_AM_Peak,10,18.0
2,754,S,3_Mid-Day,28,12.9
2,754,S,4_PM_Peak,19,12.6
2,754,S,5_Night,6,50.0
2,760,N,1_Early_AM,2,180.0
2,760,N,2_AM_Peak,9,20.0
2,760,N,3_Mid-Day,15,24.0
2,760,N,4_PM_Peak,9,26.7
2,760,N,5_Night,3,100.0
2,760,S,1_Early_AM,2,180.0
2,760,S,2_AM_Peak,7,25.7
2,760,S,3_Mid-Day,14,25.7
2,760,S,4_PM_Peak,10,24.0
2,760,S,5_Night,3,100.0
2,761,N,2_AM_Peak,5,36.0
2,761,N,3_Mid-Day,12,30.0
2,761,N,4_PM_Peak,8,30.0
2,761,N,5_Night,6,50.0
2,761,S,1_Early_AM,1,360.0
2,761,S,2_AM_Peak,6,30.0
2,761,S,3_Mid-Day,12,30.0
2,761,S,4_PM_Peak,8,30.0
2,761,S,5_Night,2,150.0
2,770,E,2_AM_Peak,4,45.0
2,770,E,3_Mid-Day,18,20.0
2,770,E,4_PM_Peak,12,20.0
2,770,W,2_AM_Peak,6,30.0
2,770,W,3_Mid-Day,18,20.0
2,770,W,4_PM_Peak,13,18.5
2,901,E,1_Early_AM,16,22.5
2,901,E,2_AM_Peak,16,11.3
2,901,E,3_Mid-Day,36,10.0
2,901,E,4_PM_Peak,23,10.4
2,901,E,5_Night,19,15.8
2,901,W,1_Early_AM,16,22.5
2,901,W,2_AM_Peak,14,12.9
2,901,W,3_Mid-Day,36,10.0
2,901,W,4_PM_Peak,24,10.0
2,901,W,5_Night,20,15.0
2,910,N,1_Early_AM,4,90.0
2,910,N,2_AM_Peak,7,25.7
2,910,N,3_Mid-Day,18,20.0
2,910,N,4_PM_Peak,12,20.0
2,910,N,5_Night,8,37.5
2,910,S,1_Early_AM,6,60.0
2,910,S,2_AM_Peak,7,25.7
2,910,S,3_Mid-Day,17,21.2
2,910,S,4_PM_Peak,13,18.5
2,910,S,5_Night,7,42.9
3,2,E,1_Early_AM,6,60.0
3,2,E,2_AM_Peak,7,25.7
3,2,E,3_Mid-Day,21,17.1
3,2,E,4_PM_Peak,12,20.0
3,2,E,5_Night,16,18.8
3,2,W,1_Early_AM,8,45.0
3,2,W,2_AM_Peak,9,20.0
3,2,W,3_Mid-Day,21,17.1
3,2,W,4_PM_Peak,14,17.1
3,2,W,5_Night,14,21.4
3,4,E,1_Early_AM,18,20.0
3,4,E,2_AM_Peak,8,22.5
3,4,E,3_Mid-Day,22,16.4
3,4,E,4_PM_Peak,17,14.1
3,4,E,5_Night,25,12.0
3,4,W,1_Early_AM,15,24.0
3,4,W,2_AM_Peak,9,20.0
3,4,W,3_Mid-Day,21,17.1
3,4,W,4_PM_Peak,15,16.0
3,4,W,5_Night,20,15.0
3,10,E,1_Early_AM,6,60.0
3,10,E,2_AM_Peak,7,25.7
3,10,E,3_Mid-Day,18,20.0
3,10,E,4_PM_Peak,9,26.7
3,10,E,5_Night,7,42.9
3,10,W,1_Early_AM,7,51.4
3,10,W,2_AM_Peak,5,36.0
3,10,W,3_Mid-Day,18,20.0
3,10,W,4_PM_Peak,11,21.8
3,10,W,5_Night,6,50.0
3,14,N,1_Early_AM,6,60.0
3,14,N,2_AM_Peak,8,22.5
3,14,N,3_Mid-Day,19,18.9
3,14,N,4_PM_Peak,12,20.0
3,14,N,5_Night,6,50.0
3,14,S,1_Early_AM,7,51.4
3,14,S,2_AM_Peak,6,30.0
3,14,S,3_Mid-Day,19,18.9
3,14,S,4_PM_Peak,13,18.5
3,14,S,5_Night,7,42.9
3,16,E,1_Early_AM,5,72.0
3,16,E,2_AM_Peak,9,20.0
3,16,E,3_Mid-Day,32,11.3
3,16,E,4_PM_Peak,31,7.7
3,16,E,5_Night,21,14.3
3,16,W,1_Early_AM,5,72.0
3,16,W,2_AM_Peak,14,12.9
3,16,W,3_Mid-Day,43,8.4
3,16,W,4_PM_Peak,26,9.2
3,16,W,5_Night,11,27.3
3,18,E,1_Early_AM,8,45.0
3,18,E,2_AM_Peak,11,16.4
3,18,E,3_Mid-Day,28,12.9
3,18,E,4_PM_Peak,20,12.0
3,18,E,5_Night,12,25.0
3,18,W,1_Early_AM,8,45.0
3,18,W,2_AM_Peak,9,20.0
3,18,W,3_Mid-Day,29,12.4
3,18,W,4_PM_Peak,18,13.3
3,18,W,5_Night,13,23.1
3,20,E,1_Early_AM,12,30.0
3,20,E,2_AM_Peak,8,22.5
3,20,E,3_Mid-Day,18,20.0
3,20,E,4_PM_Peak,12,20.0
3,20,E,5_Night,12,25.0
3,20,W,1_Early_AM,12,30.0
3,20,W,2_AM_Peak,8,22.5
3,20,W,3_Mid-Day,18,20.0
3,20,W,4_PM_Peak,12,20.0
3,20,W,5_Night,12,25.0
3,28,E,1_Early_AM,9,40.0
3,28,E,2_AM_Peak,9,20.0
3,28,E,3_Mid-Day,23,15.7
3,28,E,4_PM_Peak,16,15.0
3,28,E,5_Night,12,25.0
3,28,W,1_Early_AM,9,40.0
3,28,W,2_AM_Peak,11,16.4
3,28,W,3_Mid-Day,23,15.7
3,28,W,4_PM_Peak,16,15.0
3,28,W,5_Night,10,30.0
3,30,E,1_Early_AM,8,45.0
3,30,E,2_AM_Peak,13,13.8
3,30,E,3_Mid-Day,36,10.0
3,30,E,4_PM_Peak,18,13.3
3,30,E,5_Night,11,27.3
3,30,W,1_Early_AM,7,51.4
3,30,W,2_AM_Peak,8,22.5
3,30,W,3_Mid-Day,32,11.3
3,30,W,4_PM_Peak,22,10.9
3,30,W,5_Night,13,23.1
3,33,E,1_Early_AM,10,36.0
3,33,E,2_AM_Peak,6,30.0
3,33,E,3_Mid-Day,16,22.5
3,33,E,4_PM_Peak,12,20.0
3,33,E,5_Night,13,23.1
3,33,W,1_Early_AM,7,51.4
3,33,W,2_AM_Peak,6,30.0
3,33,W,3_Mid-Day,17,21.2
3,33,W,4_PM_Peak,11,21.8
3,33,W,5_Night,10,30.0
3,35,E,1_Early_AM,7,51.4
3,35,E,2_AM_Peak,7,25.7
3,35,E,3_Mid-Day,18,20.0
3,35,E,4_PM_Peak,12,20.0
3,35,E,5_Night,16,18.8
3,35,W,1_Early_AM,3,120.0
3,35,W,2_AM_Peak,5,36.0
3,35,W,3_Mid-Day,18,20.0
3,35,W,4_PM_Peak,12,20.0
3,35,W,5_Night,16,18.8
3,40,N,1_Early_AM,9,40.0
3,40,N,2_AM_Peak,11,16.4
3,40,N,3_Mid-Day,24,15.0
3,40,N,4_PM_Peak,16,15.0
3,40,N,5_Night,12,25.0
3,40,S,1_Early_AM,9,40.0
3,40,S,2_AM_Peak,11,16.4
3,40,S,3_Mid-Day,24,15.0
3,40,S,4_PM_Peak,16,15.0
3,40,S,5_Night,13,23.1
3,45,N,1_Early_AM,6,60.0
3,45,N,2_AM_Peak,9,20.0
3,45,N,3_Mid-Day,29,12.4
3,45,N,4_PM_Peak,12,20.0
3,45,N,5_Night,8,37.5
3,45,S,1_Early_AM,6,60.0
3,45,S,2_AM_Peak,6,30.0
3,45,S,3_Mid-Day,24,15.0
3,45,S,4_PM_Peak,20,12.0
3,45,S,5_Night,10,30.0
3,51,N,1_Early_AM,7,51.4
3,51,N,2_AM_Peak,13,13.8
3,51,N,3_Mid-Day,33,10.9
3,51,N,4_PM_Peak,23,10.4
3,51,N,5_Night,10,30.0
3,51,S,1_Early_AM,7,51.4
3,51,S,2_AM_Peak,11,16.4
3,51,S,3_Mid-Day,32,11.3
3,51,S,4_PM_Peak,23,10.4
3,51,S,5_Night,11,27.3
3,53,N,1_Early_AM,2,180.0
3,53,N,2_AM_Peak,7,25.7
3,53,N,3_Mid-Day,18,20.0
3,53,N,4_PM_Peak,9,26.7
3,53,N,5_Night,7,42.9
3,53,S,1_Early_AM,2,180.0
3,53,S,2_AM_Peak,4,45.0
3,53,S,3_Mid-Day,16,22.5
3,53,S,4_PM_Peak,12,20.0
3,53,S,5_Night,9,33.3
3,55,N,1_Early_AM,11,32.7
3,55,N,2_AM_Peak,7,25.7
3,55,N,3_Mid-Day,15,24.0
3,55,N,4_PM_Peak,9,26.7
3,55,N,5_Night,8,37.5
3,55,S,1_Early_AM,11,32.7
3,55,S,2_AM_Peak,4,45.0
3,55,S,3_Mid-Day,16,22.5
3,55,S,4_PM_Peak,10,24.0
3,55,S,5_Night,8,37.5
3,60,N,1_Early_AM,8,45.0
3,60,N,2_AM_Peak,9,20.0
3,60,N,3_Mid-Day,31,11.6
3,60,N,4_PM_Peak,16,15.0
3,60,N,5_Night,9,33.3
3,60,S,1_Early_AM,7,51.4
3,60,S,2_AM_Peak,6,30.0
3,60,S,3_Mid-Day,27,13.3
3,60,S,4_PM_Peak,20,12.0
3,60,S,5_Night,12,25.0
3,62,E,1_Early_AM,1,360.0
3,62,E,2_AM_Peak,3,60.0
3,62,E,3_Mid-Day,7,51.4
3,62,E,4_PM_Peak,4,60.0
3,62,E,5_Night,4,75.0
3,62,W,1_Early_AM,1,360.0
3,62,W,2_AM_Peak,4,45.0
3,62,W,3_Mid-Day,6,60.0
3,62,W,4_PM_Peak,5,48.0
3,62,W,5_Night,6,50.0
3,66,E,1_Early_AM,3,120.0
3,66,E,2_AM_Peak,7,25.7
3,66,E,3_Mid-Day,18,20.0
3,66,E,4_PM_Peak,10,24.0
3,66,E,5_Night,7,42.9
3,66,W,1_Early_AM,2,180.0
3,66,W,2_AM_Peak,5,36.0
3,66,W,3_Mid-Day,17,21.2
3,66,W,4_PM_Peak,12,20.0
3,66,W,5_Night,7,42.9
3,68,E,1_Early_AM,3,120.0
3,68,E,2_AM_Peak,6,30.0
3,68,E,3_Mid-Day,19,18.9
3,68,E,4_PM_Peak,15,16.0
3,68,E,5_Night,9,33.3
3,68,W,1_Early_AM,2,180.0
3,68,W,2_AM_Peak,8,22.5
3,68,W,3_Mid-Day,19,18.9
3,68,W,4_PM_Peak,12,20.0
3,68,W,5_Night,8,37.5
3,70,E,1_Early_AM,6,60.0
3,70,E,2_AM_Peak,10,18.0
3,70,E,3_Mid-Day,24,15.0
3,70,E,4_PM_Peak,18,13.3
3,70,E,5_Night,10,30.0
3,70,W,1_Early_AM,6,60.0
3,70,W,2_AM_Peak,10,18.0
3,70,W,3_Mid-Day,25,14.4
3,70,W,4_PM_Peak,15,16.0
3,70,W,5_Night,8,37.5
3,71,E,1_Early_AM,1,360.0
3,71,E,2_AM_Peak,3,60.0
3,71,E,3_Mid-Day,6,60.0
3,71,E,4_PM_Peak,4,60.0
3,71,E,5_Night,2,150.0
3,71,W,2_AM_Peak,3,60.0
3,71,W,3_Mid-Day,6,60.0
3,71,W,4_PM_Peak,4,60.0
3,71,W,5_Night,2,150.0
3,76,E,1_Early_AM,6,60.0
3,76,E,2_AM_Peak,4,45.0
3,76,E,3_Mid-Day,18,20.0
3,76,E,4_PM_Peak,14,17.1
3,76,E,5_Night,8,37.5
3,76,W,1_Early_AM,6,60.0
3,76,W,2_AM_Peak,7,25.7
3,76,W,3_Mid-Day,18,20.0
3,76,W,4_PM_Peak,11,21.8
3,76,W,5_Night,7,42.9
3,78,E,1_Early_AM,3,120.0
3,78,E,2_AM_Peak,6,30.0
3,78,E,3_Mid-Day,22,16.4
3,78,E,4_PM_Peak,15,16.0
3,78,E,5_Night,12,25.0
3,78,W,1_Early_AM,3,120.0
3,78,W,2_AM_Peak,8,22.5
3,78,W,3_Mid-Day,22,16.4
3,78,W,4_PM_Peak,16,15.0
3,78,W,5_Night,11,27.3
3,81,N,1_Early_AM,3,120.0
3,81,N,2_AM_Peak,7,25.7
3,81,N,3_Mid-Day,18,20.0
3,81,N,4_PM_Peak,12,20.0
3,81,N,5_Night,8,37.5
3,81,S,1_Early_AM,3,120.0
3,81,S,2_AM_Peak,7,25.7
3,81,S,3_Mid-Day,18,20.0
3,81,S,4_PM_Peak,11,21.8
3,81,S,5_Night,8,37.5
3,83,N,1_Early_AM,6,60.0
3,83,N,2_AM_Peak,4,45.0
3,83,N,3_Mid-Day,9,40.0
3,83,N,4_PM_Peak,7,34.3
3,83,N,5_Night,6,50.0
3,83,S,1_Early_AM,7,51.4
3,83,S,2_AM_Peak,5,36.0
3,83,S,3_Mid-Day,10,36.0
3,83,S,4_PM_Peak,6,40.0
3,83,S,5_Night,6,50.0
3,90,N,1_Early_AM,1,360.0
3,90,N,2_AM_Peak,4,45.0
3,90,N,3_Mid-Day,11,32.7
3,90,N,4_PM_Peak,7,34.3
3,90,N,5_Night,4,75.0
3,90,S,1_Early_AM,1,360.0
3,90,S,2_AM_Peak,3,60.0
3,90,S,3_Mid-Day,11,32.7
3,90,S,4_PM_Peak,7,34.3
3,90,S,5_Night,5,60.0
3,92,N,1_Early_AM,6,60.0
3,92,N,2_AM_Peak,5,36.0
3,92,N,3_Mid-Day,8,45.0
3,92,N,4_PM_Peak,6,40.0
3,92,N,5_Night,6,50.0
3,92,S,1_Early_AM,6,60.0
3,92,S,2_AM_Peak,4,45.0
3,92,S,3_Mid-Day,9,40.0
3,92,S,4_PM_Peak,6,40.0
3,92,S,5_Night,5,60.0
3,94,N,1_Early_AM,1,360.0
3,94,N,2_AM_Peak,7,25.7
3,94,N,3_Mid-Day,17,21.2
3,94,N,4_PM_Peak,11,21.8
3,94,N,5_Night,8,37.5
3,94,S,1_Early_AM,3,120.0
3,94,S,2_AM_Peak,6,30.0
3,94,S,3_Mid-Day,17,21.2
3,94,S,4_PM_Peak,11,21.8
3,94,S,5_Night,6,50.0
3,96,N,2_AM_Peak,2,90.0
3,96,N,3_Mid-Day,6,60.0
3,96,N,4_PM_Peak,4,60.0
3,96,N,5_Night,1,300.0
3,96,S,2_AM_Peak,3,60.0
3,96,S,3_Mid-Day,6,60.0
3,96,S,4_PM_Peak,4,60.0
3,96,S,5_Night,1,300.0
3,102,E,1_Early_AM,2,180.0
3,102,E,2_AM_Peak,5,36.0
3,102,E,3_Mid-Day,7,51.4
3,102,E,4_PM_Peak,7,34.3
3,102,E,5_Night,5,60.0
3,102,W,1_Early_AM,1,360.0
3,102,W,2_AM_Peak,5,36.0
3,102,W,3_Mid-Day,7,51.4
3,102,W,4_PM_Peak,8,30.0
3,102,W,5_Night,6,50.0
3,105,N,1_Early_AM,6,60.0
3,105,N,2_AM_Peak,6,30.0
3,105,N,3_Mid-Day,21,17.1
3,105,N,4_PM_Peak,13,18.5
3,105,N,5_Night,7,42.9
3,105,S,1_Early_AM,5,72.0
3,105,S,2_AM_Peak,7,25.7
3,105,S,3_Mid-Day,21,17.1
3,105,S,4_PM_Peak,14,17.1
3,105,S,5_Night,8,37.5
3,108,E,1_Early_AM,1,360.0
3,108,E,2_AM_Peak,5,36.0
3,108,E,3_Mid-Day,16,22.5
3,108,E,4_PM_Peak,12,20.0
3,108,E,5_Night,6,50.0
3,108,W,1_Early_AM,1,360.0
3,108,W,2_AM_Peak,6,30.0
3,108,W,3_Mid-Day,18,20.0
3,108,W,4_PM_Peak,11,21.8
3,108,W,5_Night,4,75.0
3,110,E,1_Early_AM,1,360.0
3,110,E,2_AM_Peak,5,36.0
3,110,E,3_Mid-Day,11,32.7
3,110,E,4_PM_Peak,8,30.0
3,110,E,5_Night,5,60.0
3,110,W,2_AM_Peak,3,60.0
3,110,W,3_Mid-Day,11,32.7
3,110,W,4_PM_Peak,7,34.3
3,110,W,5_Night,6,50.0
3,111,E,1_Early_AM,7,51.4
3,111,E,2_AM_Peak,8,22.5
3,111,E,3_Mid-Day,30,12.0
3,111,E,4_PM_Peak,16,15.0
3,111,E,5_Night,10,30.0
3,111,W,1_Early_AM,9,40.0
3,111,W,2_AM_Peak,9,20.0
3,111,W,3_Mid-Day,30,12.0
3,111,W,4_PM_Peak,17,14.1
3,111,W,5_Night,11,27.3
3,115,E,2_AM_Peak,6,30.0
3,115,E,3_Mid-Day,16,22.5
3,115,E,4_PM_Peak,11,21.8
3,115,E,5_Night,8,37.5
3,115,W,1_Early_AM,1,360.0
3,115,W,2_AM_Peak,5,36.0
3,115,W,3_Mid-Day,17,21.2
3,115,W,4_PM_Peak,11,21.8
3,115,W,5_Night,7,42.9
3,117,E,1_Early_AM,3,120.0
3,117,E,2_AM_Peak,5,36.0
3,117,E,3_Mid-Day,13,27.7
3,117,E,4_PM_Peak,8,30.0
3,117,E,5_Night,7,42.9
3,117,W,1_Early_AM,5,72.0
3,117,W,2_AM_Peak,6,30.0
3,117,W,3_Mid-Day,14,25.7
3,117,W,4_PM_Peak,8,30.0
3,117,W,5_Night,5,60.0
3,120,E,1_Early_AM,1,360.0
3,120,E,2_AM_Peak,3,60.0
3,120,E,3_Mid-Day,6,60.0
3,120,E,4_PM_Peak,4,60.0
3,120,E,5_Night,6,50.0
3,120,W,1_Early_AM,1,360.0
3,120,W,2_AM_Peak,3,60.0
3,120,W,3_Mid-Day,6,60.0
3,120,W,4_PM_Peak,4,60.0
3,120,W,5_Night,4,75.0
3,125,E,2_AM_Peak,3,60.0
3,125,E,3_Mid-Day,11,32.7
3,125,E,4_PM_Peak,5,48.0
3,125,E,5_Night,2,150.0
3,125,W,2_AM_Peak,2,90.0
3,125,W,3_Mid-Day,10,36.0
3,125,W,4_PM_Peak,6,40.0
3,125,W,5_Night,2,150.0
3,130,E,2_AM_Peak,3,60.0
3,130,E,3_Mid-Day,6,60.0
3,130,E,4_PM_Peak,4,60.0
3,130,E,5_Night,2,150.0
3,130,W,2_AM_Peak,2,90.0
3,130,W,3_Mid-Day,6,60.0
3,130,W,4_PM_Peak,4,60.0
3,130,W,5_Night,3,100.0
3,150,E,1_Early_AM,9,40.0
3,150,E,2_AM_Peak,10,18.0
3,150,E,3_Mid-Day,21,17.1
3,150,E,4_PM_Peak,13,18.5
3,150,E,5_Night,15,20.0
3,150,W,1_Early_AM,9,40.0
3,150,W,2_AM_Peak,11,16.4
3,150,W,3_Mid-Day,20,18.0
3,150,W,4_PM_Peak,14,17.1
3,150,W,5_Night,15,20.0
3,152,E,2_AM_Peak,4,45.0
3,152,E,3_Mid-Day,12,30.0
3,152,E,4_PM_Peak,7,34.3
3,152,E,5_Night,5,60.0
3,152,W,2_AM_Peak,5,36.0
3,152,W,3_Mid-Day,11,32.7
3,152,W,4_PM_Peak,8,30.0
3,152,W,5_Night,7,42.9
3,155,E,1_Early_AM,1,360.0
3,155,E,2_AM_Peak,3,60.0
3,155,E,3_Mid-Day,6,60.0
3,155,E,4_PM_Peak,4,60.0
3,155,W,2_AM_Peak,1,180.0
3,155,W,3_Mid-Day,6,60.0
3,155,W,4_PM_Peak,4,60.0
3,155,W,5_Night,2,150.0
3,156,N,1_Early_AM,6,60.0
3,156,N,2_AM_Peak,4,45.0
3,156,N,3_Mid-Day,8,45.0
3,156,N,4_PM_Peak,4,60.0
3,156,N,5_Night,5,60.0
3,156,S,1_Early_AM,6,60.0
3,156,S,2_AM_Peak,4,45.0
3,156,S,3_Mid-Day,7,51.4
3,156,S,4_PM_Peak,5,48.0
3,156,S,5_Night,5,60.0
3,158,E,2_AM_Peak,1,180.0
3,158,E,3_Mid-Day,7,51.4
3,158,E,4_PM_Peak,4,60.0
3,158,E,5_Night,2,150.0
3,158,W,2_AM_Peak,2,90.0
3,158,W,3_Mid-Day,7,51.4
3,158,W,4_PM_Peak,5,48.0
3,158,W,5_Night,2,150.0
3,161,E,2_AM_Peak,2,90.0
3,161,E,3_Mid-Day,6,60.0
3,161,E,4_PM_Peak,4,60.0
3,161,E,5_Night,1,300.0
3,161,W,2_AM_Peak,3,60.0
3,161,W,3_Mid-Day,6,60.0
3,161,W,4_PM_Peak,4,60.0
3,161,W,5_Night,1,300.0
3,163,E,1_Early_AM,1,360.0
3,163,E,2_AM_Peak,4,45.0
3,163,E,3_Mid-Day,12,30.0
3,163,E,4_PM_Peak,7,34.3
3,163,E,5_Night,5,60.0
3,163,W,2_AM_Peak,4,45.0
3,163,W,3_Mid-Day,12,30.0
3,163,W,4_PM_Peak,7,34.3
3,163,W,5_Night,6,50.0
3,164,E,2_AM_Peak,4,45.0
3,164,E,3_Mid-Day,10,36.0
3,164,E,4_PM_Peak,7,34.3
3,164,E,5_Night,5,60.0
3,164,W,2_AM_Peak,5,36.0
3,164,W,3_Mid-Day,10,36.0
3,164,W,4_PM_Peak,7,34.3
3,164,W,5_Night,6,50.0
3,165,E,2_AM_Peak,4,45.0
3,165,E,3_Mid-Day,11,32.7
3,165,E,4_PM_Peak,8,30.0
3,165,E,5_Night,2,150.0
3,165,W,2_AM_Peak,5,36.0
3,165,W,3_Mid-Day,11,32.7
3,165,W,4_PM_Peak,8,30.0
3,165,W,5_Night,4,75.0
3,166,E,2_AM_Peak,3,60.0
3,166,E,3_Mid-Day,10,36.0
3,166,E,4_PM_Peak,7,34.3
3,166,E,5_Night,3,100.0
3,166,W,2_AM_Peak,1,180.0
3,166,W,3_Mid-Day,11,32.7
3,166,W,4_PM_Peak,7,34.3
3,166,W,5_Night,3,100.0
3,167,E,1_Early_AM,1,360.0
3,167,E,2_AM_Peak,4,45.0
3,167,E,3_Mid-Day,7,51.4
3,167,E,4_PM_Peak,4,60.0
3,167,E,5_Night,5,60.0
3,167,W,2_AM_Peak,4,45.0
3,167,W,3_Mid-Day,7,51.4
3,167,W,4_PM_Peak,5,48.0
3,167,W,5_Night,4,75.0
3,180,E,1_Early_AM,7,51.4
3,180,E,2_AM_Peak,8,22.5
3,180,E,3_Mid-Day,29,12.4
3,180,E,4_PM_Peak,18,13.3
3,180,E,5_Night,11,27.3
3,180,W,1_Early_AM,8,45.0
3,180,W,2_AM_Peak,7,25.7
3,180,W,3_Mid-Day,29,12.4
3,180,W,4_PM_Peak,19,12.6
3,180,W,5_Night,12,25.0
3,183,E,2_AM_Peak,2,90.0
3,183,E,3_Mid-Day,6,60.0
3,183,E,4_PM_Peak,4,60.0
3,183,E,5_Night,2,150.0
3,183,W,2_AM_Peak,1,180.0
3,183,W,3_Mid-Day,6,60.0
3,183,W,4_PM_Peak,4,60.0
3,183,W,5_Night,2,150.0
3,190,E,1_Early_AM,3,120.0
3,190,E,2_AM_Peak,8,22.5
3,190,E,3_Mid-Day,18,20.0
3,190,E,4_PM_Peak,11,21.8
3,190,E,5_Night,11,27.3
3,190,W,1_Early_AM,4,90.0
3,190,W,2_AM_Peak,7,25.7
3,190,W,3_Mid-Day,18,20.0
3,190,W,4_PM_Peak,12,20.0
3,190,W,5_Night,10,30.0
3,200,N,1_Early_AM,5,72.0
3,200,N,2_AM_Peak,8,22.5
3,200,N,3_Mid-Day,31,11.6
3,200,N,4_PM_Peak,20,12.0
3,200,N,5_Night,10,30.0
3,200,S,1_Early_AM,4,90.0
3,200,S,2_AM_Peak,8,22.5
3,200,S,3_Mid-Day,30,12.0
3,200,S,4_PM_Peak,21,11.4
3,200,S,5_Night,11,27.3
3,201,N,2_AM_Peak,2,90.0
3,201,N,3_Mid-Day,6,60.0
3,201,N,4_PM_Peak,4,60.0
3,201,N,5_Night,1,300.0
3,201,S,2_AM_Peak,2,90.0
3,201,S,3_Mid-Day,6,60.0
3,201,S,4_PM_Peak,4,60.0
3,201,S,5_Night,1,300.0
3,204,N,1_Early_AM,12,30.0
3,204,N,2_AM_Peak,9,20.0
3,204,N,3_Mid-Day,22,16.4
3,204,N,4_PM_Peak,13,18.5
3,204,N,5_Night,12,25.0
3,204,S,1_Early_AM,11,32.7
3,204,S,2_AM_Peak,7,25.7
3,204,S,3_Mid-Day,18,20.0
3,204,S,4_PM_Peak,15,16.0
3,204,S,5_Night,14,21.4
3,205,N,1_Early_AM,2,180.0
3,205,N,2_AM_Peak,3,60.0
3,205,N,3_Mid-Day,6,60.0
3,205,N,4_PM_Peak,4,60.0
3,205,N,5_Night,4,75.0
3,205,S,1_Early_AM,1,360.0
3,205,S,2_AM_Peak,3,60.0
3,205,S,3_Mid-Day,6,60.0
3,205,S,4_PM_Peak,4,60.0
3,205,S,5_Night,5,60.0
3,206,N,1_Early_AM,1,360.0
3,206,N,2_AM_Peak,8,22.5
3,206,N,3_Mid-Day,16,22.5
3,206,N,4_PM_Peak,10,24.0
3,206,N,5_Night,6,50.0
3,206,S,1_Early_AM,2,180.0
3,206,S,2_AM_Peak,6,30.0
3,206,S,3_Mid-Day,17,21.2
3,206,S,4_PM_Peak,11,21.8
3,206,S,5_Night,8,37.5
3,207,N,1_Early_AM,9,40.0
3,207,N,2_AM_Peak,11,16.4
3,207,N,3_Mid-Day,31,11.6
3,207,N,4_PM_Peak,17,14.1
3,207,N,5_Night,14,21.4
3,207,S,1_Early_AM,8,45.0
3,207,S,2_AM_Peak,10,18.0
3,207,S,3_Mid-Day,30,12.0
3,207,S,4_PM_Peak,19,12.6
3,207,S,5_Night,17,17.6
3,210,N,1_Early_AM,1,360.0
3,210,N,2_AM_Peak,7,25.7
3,210,N,3_Mid-Day,22,16.4
3,210,N,4_PM_Peak,14,17.1
3,210,N,5_Night,9,33.3
3,210,S,1_Early_AM,3,120.0
3,210,S,2_AM_Peak,8,22.5
3,210,S,3_Mid-Day,21,17.1
3,210,S,4_PM_Peak,14,17.1
3,210,S,5_Night,9,33.3
3,212,N,1_Early_AM,3,120.0
3,212,N,2_AM_Peak,6,30.0
3,212,N,3_Mid-Day,18,20.0
3,212,N,4_PM_Peak,9,26.7
3,212,N,5_Night,9,33.3
3,212,S,1_Early_AM,3,120.0
3,212,S,2_AM_Peak,4,45.0
3,212,S,3_Mid-Day,14,25.7
3,212,S,4_PM_Peak,11,21.8
3,212,S,5_Night,11,27.3
3,217,N,1_Early_AM,7,51.4
3,217,N,2_AM_Peak,5,36.0
3,217,N,3_Mid-Day,19,18.9
3,217,N,4_PM_Peak,16,15.0
3,217,N,5_Night,12,25.0
3,217,S,1_Early_AM,6,60.0
3,217,S,2_AM_Peak,7,25.7
3,217,S,3_Mid-Day,18,20.0
3,217,S,4_PM_Peak,15,16.0
3,217,S,5_Night,11,27.3
3,218,N,2_AM_Peak,3,60.0
3,218,N,3_Mid-Day,7,51.4
3,218,N,4_PM_Peak,5,48.0
3,218,N,5_Night,1,300.0
3,218,S,2_AM_Peak,3,60.0
3,218,S,3_Mid-Day,8,45.0
3,218,S,4_PM_Peak,5,48.0
3,222,N,1_Early_AM,1,360.0
3,222,N,2_AM_Peak,3,60.0
3,222,N,3_Mid-Day,6,60.0
3,222,N,4_PM_Peak,5,48.0
3,222,N,5_Night,5,60.0
3,222,S,1_Early_AM,1,360.0
3,222,S,2_AM_Peak,3,60.0
3,222,S,3_Mid-Day,6,60.0
3,222,S,4_PM_Peak,4,60.0
3,222,S,5_Night,5,60.0
3,224,N,1_Early_AM,3,120.0
3,224,N,2_AM_Peak,4,45.0
3,224,N,3_Mid-Day,11,32.7
3,224,N,4_PM_Peak,8,30.0
3,224,N,5_Night,12,25.0
3,224,S,1_Early_AM,4,90.0
3,224,S,2_AM_Peak,5,36.0
3,224,S,3_Mid-Day,12,30.0
3,224,S,4_PM_Peak,8,30.0
3,224,S,5_Night,9,33.3
3,230,N,2_AM_Peak,3,60.0
3,230,N,3_Mid-Day,10,36.0
3,230,N,4_PM_Peak,7,34.3
3,230,N,5_Night,5,60.0
3,230,S,2_AM_Peak,3,60.0
3,230,S,3_Mid-Day,10,36.0
3,230,S,4_PM_Peak,7,34.3
3,230,S,5_Night,4,75.0
3,232,N,1_Early_AM,1,360.0
3,232,N,2_AM_Peak,6,30.0
3,232,N,3_Mid-Day,12,30.0
3,232,N,4_PM_Peak,6,40.0
3,232,N,5_Night,5,60.0
3,232,S,1_Early_AM,1,360.0
3,232,S,2_AM_Peak,5,36.0
3,232,S,3_Mid-Day,12,30.0
3,232,S,4_PM_Peak,7,34.3
3,232,S,5_Night,6,50.0
3,233,N,1_Early_AM,3,120.0
3,233,N,2_AM_Peak,9,20.0
3,233,N,3_Mid-Day,18,20.0
3,233,N,4_PM_Peak,12,20.0
3,233,N,5_Night,11,27.3
3,233,S,1_Early_AM,5,72.0
3,233,S,2_AM_Peak,9,20.0
3,233,S,3_Mid-Day,18,20.0
3,233,S,4_PM_Peak,12,20.0
3,233,S,5_Night,8,37.5
3,234,N,2_AM_Peak,3,60.0
3,234,N,3_Mid-Day,11,32.7
3,234,N,4_PM_Peak,7,34.3
3,234,N,5_Night,8,37.5
3,234,S,2_AM_Peak,5,36.0
3,234,S,3_Mid-Day,11,32.7
3,234,S,4_PM_Peak,7,34.3
3,234,S,5_Night,6,50.0
3,236,E,2_AM_Peak,2,90.0
3,236,E,3_Mid-Day,6,60.0
3,236,E,4_PM_Peak,4,60.0
3,236,E,5_Night,1,300.0
3,236,W,2_AM_Peak,1,180.0
3,236,W,3_Mid-Day,6,60.0
3,236,W,4_PM_Peak,4,60.0
3,236,W,5_Night,1,300.0
3,245,E,2_AM_Peak,3,60.0
3,245,E,3_Mid-Day,6,60.0
3,245,E,4_PM_Peak,4,60.0
3,245,W,1_Early_AM,1,360.0
3,245,W,2_AM_Peak,2,90.0
3,245,W,3_Mid-Day,6,60.0
3,245,W,4_PM_Peak,4,60.0
3,245,W,5_Night,4,75.0
3,246,N,1_Early_AM,3,120.0
3,246,N,2_AM_Peak,3,60.0
3,246,N,3_Mid-Day,6,60.0
3,246,N,4_PM_Peak,5,48.0
3,246,N,5_Night,6,50.0
3,246,S,1_Early_AM,5,72.0
3,246,S,2_AM_Peak,3,60.0
3,246,S,3_Mid-Day,6,60.0
3,246,S,4_PM_Peak,4,60.0
3,246,S,5_Night,6,50.0
3,251,N,1_Early_AM,8,45.0
3,251,N,2_AM_Peak,6,30.0
3,251,N,3_Mid-Day,24,15.0
3,251,N,4_PM_Peak,15,16.0
3,251,N,5_Night,7,42.9
3,251,S,1_Early_AM,8,45.0
3,251,S,2_AM_Peak,8,22.5
3,251,S,3_Mid-Day,23,15.7
3,251,S,4_PM_Peak,16,15.0
3,251,S,5_Night,6,50.0
3,252,N,2_AM_Peak,4,45.0
3,252,N,3_Mid-Day,9,40.0
3,252,N,4_PM_Peak,6,40.0
3,252,N,5_Night,3,100.0
3,252,S,1_Early_AM,1,360.0
3,252,S,2_AM_Peak,4,45.0
3,252,S,3_Mid-Day,9,40.0
3,252,S,4_PM_Peak,6,40.0
3,252,S,5_Night,2,150.0
3,256,N,2_AM_Peak,3,60.0
3,256,N,3_Mid-Day,6,60.0
3,256,N,4_PM_Peak,4,60.0
3,256,N,5_Night,1,300.0
3,256,S,2_AM_Peak,3,60.0
3,256,S,3_Mid-Day,6,60.0
3,256,S,4_PM_Peak,4,60.0
3,256,S,5_Night,1,300.0
3,260,N,1_Early_AM,2,180.0
3,260,N,2_AM_Peak,5,36.0
3,260,N,3_Mid-Day,18,20.0
3,260,N,4_PM_Peak,10,24.0
3,260,N,5_Night,6,50.0
3,260,S,1_Early_AM,2,180.0
3,260,S,2_AM_Peak,6,30.0
3,260,S,3_Mid-Day,18,20.0
3,260,S,4_PM_Peak,12,20.0
3,260,S,5_Night,8,37.5
3,265,N,2_AM_Peak,2,90.0
3,265,N,3_Mid-Day,6,60.0
3,265,N,4_PM_Peak,5,48.0
3,265,N,5_Night,1,300.0
3,265,S,2_AM_Peak,1,180.0
3,265,S,3_Mid-Day,7,51.4
3,265,S,4_PM_Peak,4,60.0
3,265,S,5_Night,2,150.0
3,266,N,2_AM_Peak,5,36.0
3,266,N,3_Mid-Day,10,36.0
3,266,N,4_PM_Peak,6,40.0
3,266,N,5_Night,3,100.0
3,266,S,2_AM_Peak,4,45.0
3,266,S,3_Mid-Day,10,36.0
3,266,S,4_PM_Peak,5,48.0
3,266,S,5_Night,2,150.0
3,267,N,2_AM_Peak,5,36.0
3,267,N,3_Mid-Day,12,30.0
3,267,N,4_PM_Peak,8,30.0
3,267,N,5_Night,2,150.0
3,267,S,1_Early_AM,1,360.0
3,267,S,2_AM_Peak,5,36.0
3,267,S,3_Mid-Day,12,30.0
3,267,S,4_PM_Peak,8,30.0
3,267,S,5_Night,2,150.0
3,268,N,2_AM_Peak,2,90.0
3,268,N,3_Mid-Day,7,51.4
3,268,N,4_PM_Peak,5,48.0
3,268,N,5_Night,2,150.0
3,268,S,2_AM_Peak,3,60.0
3,268,S,3_Mid-Day,7,51.4
3,268,S,4_PM_Peak,5,48.0
3,268,S,5_Night,2,150.0
3,292,N,1_Early_AM,2,180.0
3,292,N,2_AM_Peak,5,36.0
3,292,N,3_Mid-Day,9,40.0
3,292,N,4_PM_Peak,6,40.0
3,292,N,5_Night,3,100.0
3,292,S,1_Early_AM,1,360.0
3,292,S,2_AM_Peak,4,45.0
3,292,S,3_Mid-Day,9,40.0
3,292,S,4_PM_Peak,6,40.0
3,292,S,5_Night,3,100.0
3,344,N,2_AM_Peak,3,60.0
3,344,N,3_Mid-Day,6,60.0
3,344,N,4_PM_Peak,4,60.0
3,344,N,5_Night,3,100.0
3,344,S,1_Early_AM,1,360.0
3,344,S,2_AM_Peak,3,60.0
3,344,S,3_Mid-Day,6,60.0
3,344,S,4_PM_Peak,4,60.0
3,344,S,5_Night,3,100.0
3,450,N,2_AM_Peak,2,90.0
3,450,N,3_Mid-Day,6,60.0
3,450,N,4_PM_Peak,5,48.0
3,450,N,5_Night,1,300.0
3,450,S,2_AM_Peak,3,60.0
3,450,S,3_Mid-Day,6,60.0
3,450,S,4_PM_Peak,4,60.0
3,450,S,5_Night,3,100.0
3,460,E,1_Early_AM,1,360.0
3,460,E,2_AM_Peak,6,30.0
3,460,E,3_Mid-Day,12,30.0
3,460,E,4_PM_Peak,8,30.0
3,460,E,5_Night,7,42.9
3,460,W,1_Early_AM,3,120.0
3,460,W,2_AM_Peak,5,36.0
3,460,W,3_Mid-Day,11,32.7
3,460,W,4_PM_Peak,8,30.0
3,460,W,5_Night,8,37.5
3,487,E,2_AM_Peak,2,90.0
3,487,E,3_Mid-Day,8,45.0
3,487,E,4_PM_Peak,4,60.0
3,487,E,5_Night,4,75.0
3,487,W,2_AM_Peak,3,60.0
3,487,W,3_Mid-Day,7,51.4
3,487,W,4_PM_Peak,5,48.0
3,487,W,5_Night,1,300.0
3,534,E,2_AM_Peak,2,90.0
3,534,E,3_Mid-Day,8,45.0
3,534,E,4_PM_Peak,6,40.0
3,534,E,5_Night,3,100.0
3,534,W,2_AM_Peak,6,30.0
3,534,W,3_Mid-Day,8,45.0
3,534,W,4_PM_Peak,5,48.0
3,534,W,5_Night,2,150.0
3,550,N,2_AM_Peak,4,45.0
3,550,N,3_Mid-Day,6,60.0
3,550,N,4_PM_Peak,4,60.0
3,550,N,5_Night,4,75.0
3,550,S,2_AM_Peak,2,90.0
3,550,S,3_Mid-Day,6,60.0
3,550,S,4_PM_Peak,4,60.0
3,550,S,5_Night,6,50.0
3,603,N,2_AM_Peak,6,30.0
3,603,N,3_Mid-Day,22,16.4
3,603,N,4_PM_Peak,15,16.0
3,603,N,5_Night,8,37.5
3,603,S,2_AM_Peak,6,30.0
3,603,S,3_Mid-Day,20,18.0
3,603,S,4_PM_Peak,15,16.0
3,603,S,5_Night,10,30.0
3,605,N,2_AM_Peak,6,30.0
3,605,N,3_Mid-Day,11,32.7
3,605,N,4_PM_Peak,7,34.3
3,605,N,5_Night,1,300.0
3,605,S,2_AM_Peak,6,30.0
3,605,S,3_Mid-Day,11,32.7
3,605,S,4_PM_Peak,7,34.3
3,605,S,5_Night,1,300.0
3,611,C,1_Early_AM,2,180.0
3,611,C,2_AM_Peak,3,60.0
3,611,C,3_Mid-Day,5,72.0
3,611,C,4_PM_Peak,4,60.0
3,611,C,5_Night,4,75.0
3,611,CC,1_Early_AM,1,360.0
3,611,CC,2_AM_Peak,3,60.0
3,611,CC,3_Mid-Day,6,60.0
3,611,CC,4_PM_Peak,4,60.0
3,611,CC,5_Night,4,75.0
3,612,C,1_Early_AM,1,360.0
3,612,C,2_AM_Peak,3,60.0
3,612,C,3_Mid-Day,6,60.0
3,612,C,4_PM_Peak,4,60.0
3,612,C,5_Night,5,60.0
3,612,CC,1_Early_AM,1,360.0
3,612,CC,2_AM_Peak,3,60.0
3,612,CC,3_Mid-Day,6,60.0
3,612,CC,4_PM_Peak,4,60.0
3,612,CC,5_Night,5,60.0
3,665,E,2_AM_Peak,1,180.0
3,665,E,3_Mid-Day,6,60.0
3,665,E,4_PM_Peak,4,60.0
3,665,E,5_Night,1,300.0
3,665,W,2_AM_Peak,1,180.0
3,665,W,3_Mid-Day,6,60.0
3,665,W,4_PM_Peak,4,60.0
3,665,W,5_Night,1,300.0
3,687,N,2_AM_Peak,6,30.0
3,687,N,3_Mid-Day,18,20.0
3,687,N,4_PM_Peak,11,21.8
3,687,N,5_Night,8,37.5
3,687,S,2_AM_Peak,7,25.7
3,687,S,3_Mid-Day,18,20.0
3,687,S,4_PM_Peak,11,21.8
3,687,S,5_Night,7,42.9
3,704,E,2_AM_Peak,3,60.0
3,704,E,3_Mid-Day,16,22.5
3,704,E,4_PM_Peak,11,21.8
3,704,E,5_Night,2,150.0
3,704,W,2_AM_Peak,4,45.0
3,704,W,3_Mid-Day,18,20.0
3,704,W,4_PM_Peak,9,26.7
3,704,W,5_Night,2,150.0
3,720,E,1_Early_AM,8,45.0
3,720,E,2_AM_Peak,10,18.0
3,720,E,3_Mid-Day,28,12.9
3,720,E,4_PM_Peak,29,8.3
3,720,E,5_Night,25,12.0
3,720,W,1_Early_AM,7,51.4
3,720,W,2_AM_Peak,20,9.0
3,720,W,3_Mid-Day,47,7.7
3,720,W,4_PM_Peak,21,11.4
3,720,W,5_Night,19,15.8
3,733,E,1_Early_AM,1,360.0
3,733,E,2_AM_Peak,9,20.0
3,733,E,3_Mid-Day,19,18.9
3,733,E,4_PM_Peak,16,15.0
3,733,E,5_Night,13,23.1
3,733,W,1_Early_AM,2,180.0
3,733,W,2_AM_Peak,9,20.0
3,733,W,3_Mid-Day,23,15.7
3,733,W,4_PM_Peak,14,17.1
3,733,W,5_Night,10,30.0
3,745,N,2_AM_Peak,7,25.7
3,745,N,3_Mid-Day,14,25.7
3,745,N,4_PM_Peak,9,26.7
3,745,N,5_Night,1,300.0
3,745,S,2_AM_Peak,7,25.7
3,745,S,3_Mid-Day,14,25.7
3,745,S,4_PM_Peak,8,30.0
3,745,S,5_Night,2,150.0
3,754,N,2_AM_Peak,7,25.7
3,754,N,3_Mid-Day,22,16.4
3,754,N,4_PM_Peak,12,20.0
3,754,N,5_Night,3,100.0
3,754,S,2_AM_Peak,6,30.0
3,754,S,3_Mid-Day,21,17.1
3,754,S,4_PM_Peak,13,18.5
3,754,S,5_Night,3,100.0
3,761,N,2_AM_Peak,5,36.0
3,761,N,3_Mid-Day,12,30.0
3,761,N,4_PM_Peak,8,30.0
3,761,N,5_Night,6,50.0
3,761,S,2_AM_Peak,6,30.0
3,761,S,3_Mid-Day,12,30.0
3,761,S,4_PM_Peak,8,30.0
3,761,S,5_Night,2,150.0
3,901,E,1_Early_AM,10,36.0
3,901,E,2_AM_Peak,16,11.3
3,901,E,3_Mid-Day,36,10.0
3,901,E,4_PM_Peak,23,10.4
3,901,E,5_Night,19,15.8
3,901,W,1_Early_AM,10,36.0
3,901,W,2_AM_Peak,14,12.9
3,901,W,3_Mid-Day,36,10.0
3,901,W,4_PM_Peak,24,10.0
3,901,W,5_Night,20,15.0
3,910,N,1_Early_AM,3,120.0
3,910,N,2_AM_Peak,7,25.7
3,910,N,3_Mid-Day,18,20.0
3,910,N,4_PM_Peak,12,20.0
3,910,N,5_Night,8,37.5
3,910,S,1_Early_AM,5,72.0
3,910,S,2_AM_Peak,7,25.7
3,910,S,3_Mid-Day,17,21.2
3,910,S,4_PM_Peak,13,18.5
3,910,S,5_Night,7,42.9